COVID_19_Inpatient_Admissions,Date,hospital_name
12,6/22/2020,H01
0,4/20/2020,H01
1,4/30/2020,H01
5,4/25/2020,H01
1,5/1/2020,H01
0,4/26/2020,H01
0,4/30/2020,H02
2,4/18/2020,H01
3,5/4/2020,H03
2,5/5/2020,H03
8,5/6/2020,H03
2,4/22/2020,H01
2,4/23/2020,H01
3,4/24/2020,H01
2,4/27/2020,H01
2,3/27/2020,H01
4,3/28/2020,H01
2,3/29/2020,H01
1,3/30/2020,H01
3,3/31/2020,H01
1,4/1/2020,H01
2,4/2/2020,H01
2,4/3/2020,H01
3,4/4/2020,H01
1,4/5/2020,H01
0,4/6/2020,H01
2,4/7/2020,H01
1,4/8/2020,H01
0,4/9/2020,H01
2,4/10/2020,H01
1,4/11/2020,H01
2,4/12/2020,H01
2,4/13/2020,H01
3,4/14/2020,H01
2,4/15/2020,H01
1,4/16/2020,H01
2,4/17/2020,H01
0,3/27/2020,H04
0,3/28/2020,H04
1,3/29/2020,H04
0,3/30/2020,H04
0,3/31/2020,H04
0,4/1/2020,H04
0,4/2/2020,H04
0,4/3/2020,H04
0,4/4/2020,H04
0,4/5/2020,H04
0,4/6/2020,H04
0,4/7/2020,H04
0,4/8/2020,H04
0,4/9/2020,H04
0,4/10/2020,H04
0,4/11/2020,H04
0,4/12/2020,H04
1,4/13/2020,H04
0,4/14/2020,H04
0,4/15/2020,H04
0,4/16/2020,H04
0,4/17/2020,H04
0,4/18/2020,H04
0,4/19/2020,H04
0,4/20/2020,H04
0,4/21/2020,H04
0,4/22/2020,H04
0,4/23/2020,H04
0,4/24/2020,H04
0,4/25/2020,H04
0,4/26/2020,H04
0,4/27/2020,H04
0,4/28/2020,H04
0,4/29/2020,H04
,3/27/2020,H05
,3/28/2020,H05
,3/29/2020,H05
,3/30/2020,H05
,3/31/2020,H05
,4/1/2020,H05
,4/2/2020,H05
,4/3/2020,H05
,4/4/2020,H05
,4/5/2020,H05
0,4/6/2020,H05
0,4/7/2020,H05
0,4/8/2020,H05
0,4/9/2020,H05
0,4/10/2020,H05
1,4/11/2020,H05
0,4/12/2020,H05
1,4/13/2020,H05
1,4/14/2020,H05
1,4/15/2020,H05
0,4/16/2020,H05
0,4/17/2020,H05
3,4/18/2020,H05
27,4/19/2020,H05
4,4/20/2020,H05
0,4/21/2020,H05
4,4/22/2020,H05
0,4/23/2020,H05
1,4/24/2020,H05
1,4/25/2020,H05
1,4/26/2020,H05
0,4/27/2020,H05
0,4/28/2020,H05
12,4/29/2020,H05
,3/27/2020,H06
,3/28/2020,H06
,3/29/2020,H06
,3/30/2020,H06
,3/31/2020,H06
,4/1/2020,H06
,4/2/2020,H06
1,4/3/2020,H06
,4/4/2020,H06
,4/5/2020,H06
,4/6/2020,H06
,4/7/2020,H06
,4/8/2020,H06
,4/9/2020,H06
,4/10/2020,H06
,4/11/2020,H06
,4/12/2020,H06
1,4/13/2020,H06
1,4/14/2020,H06
,4/15/2020,H06
,4/16/2020,H06
1,4/17/2020,H06
,4/18/2020,H06
,4/19/2020,H06
,4/20/2020,H06
,4/21/2020,H06
,4/22/2020,H06
,4/23/2020,H06
,4/24/2020,H06
,4/25/2020,H06
,4/26/2020,H06
,4/27/2020,H06
,4/28/2020,H06
,4/29/2020,H06
1,3/27/2020,H07
,3/28/2020,H07
,3/29/2020,H07
1,3/30/2020,H07
1,3/31/2020,H07
,4/1/2020,H07
2,4/2/2020,H07
1,4/3/2020,H07
,4/4/2020,H07
,4/5/2020,H07
2,4/6/2020,H07
1,4/7/2020,H07
,4/8/2020,H07
2,4/9/2020,H07
,4/10/2020,H07
,4/11/2020,H07
,4/12/2020,H07
,4/13/2020,H07
,4/14/2020,H07
,4/15/2020,H07
,4/16/2020,H07
,4/17/2020,H07
,4/18/2020,H07
,4/19/2020,H07
,4/20/2020,H07
,4/21/2020,H07
,4/22/2020,H07
,4/23/2020,H07
,4/24/2020,H07
,4/25/2020,H07
,4/26/2020,H07
1,4/27/2020,H07
4,4/28/2020,H07
,4/29/2020,H07
,3/27/2020,H08
,3/28/2020,H08
,3/29/2020,H08
1,3/30/2020,H08
,3/31/2020,H08
,4/1/2020,H08
,4/2/2020,H08
,4/3/2020,H08
,4/4/2020,H08
,4/5/2020,H08
1,4/6/2020,H08
,4/7/2020,H08
,4/8/2020,H08
,4/9/2020,H08
1,4/10/2020,H08
1,4/11/2020,H08
2,4/12/2020,H08
,4/13/2020,H08
3,4/14/2020,H08
4,4/15/2020,H08
14,4/16/2020,H08
1,4/17/2020,H08
,4/18/2020,H08
1,4/19/2020,H08
2,4/20/2020,H08
1,4/21/2020,H08
2,4/22/2020,H08
,4/23/2020,H08
,4/24/2020,H08
,4/25/2020,H08
,4/26/2020,H08
,4/27/2020,H08
1,4/28/2020,H08
,4/29/2020,H08
1,3/27/2020,H09
,3/28/2020,H09
1,3/29/2020,H09
,3/30/2020,H09
,3/31/2020,H09
,4/1/2020,H09
,4/2/2020,H09
,4/3/2020,H09
,4/4/2020,H09
,4/5/2020,H09
,4/6/2020,H09
1,4/7/2020,H09
1,4/8/2020,H09
,4/9/2020,H09
,4/10/2020,H09
1,4/11/2020,H09
,4/12/2020,H09
,4/13/2020,H09
,4/14/2020,H09
,4/15/2020,H09
,4/16/2020,H09
1,4/17/2020,H09
1,4/18/2020,H09
,4/19/2020,H09
,4/20/2020,H09
,4/21/2020,H09
,4/22/2020,H09
,4/23/2020,H09
1,4/24/2020,H09
,4/25/2020,H09
,4/26/2020,H09
1,4/27/2020,H09
,4/28/2020,H09
,4/29/2020,H09
,3/27/2020,H10
,3/28/2020,H10
,3/29/2020,H10
,3/30/2020,H10
,3/31/2020,H10
,4/1/2020,H10
,4/2/2020,H10
,4/3/2020,H10
,4/4/2020,H10
,4/5/2020,H10
,4/6/2020,H10
,4/7/2020,H10
1,4/8/2020,H10
,4/9/2020,H10
,4/10/2020,H10
,4/11/2020,H10
,4/12/2020,H10
,4/13/2020,H10
,4/14/2020,H10
,4/15/2020,H10
,4/16/2020,H10
,4/17/2020,H10
,4/18/2020,H10
1,4/19/2020,H10
,4/20/2020,H10
,4/21/2020,H10
,4/22/2020,H10
,4/23/2020,H10
,4/24/2020,H10
,4/25/2020,H10
,4/26/2020,H10
,4/27/2020,H10
,4/28/2020,H10
,4/29/2020,H10
0,3/27/2020,H11
0,3/28/2020,H11
0,3/29/2020,H11
0,3/30/2020,H11
0,3/31/2020,H11
,4/1/2020,H11
0,4/2/2020,H11
0,4/3/2020,H11
0,4/4/2020,H11
0,4/5/2020,H11
0,4/6/2020,H11
0,4/7/2020,H11
0,4/8/2020,H11
0,4/9/2020,H11
0,4/10/2020,H11
0,4/11/2020,H11
0,4/12/2020,H11
0,4/13/2020,H11
0,4/14/2020,H11
0,4/15/2020,H11
0,4/16/2020,H11
0,4/17/2020,H11
0,4/18/2020,H11
0,4/19/2020,H11
0,4/20/2020,H11
0,4/21/2020,H11
0,4/22/2020,H11
0,4/23/2020,H11
0,4/24/2020,H11
0,4/25/2020,H11
0,4/26/2020,H11
0,4/27/2020,H11
0,4/28/2020,H11
0,4/29/2020,H11
1,3/27/2020,H12
,3/28/2020,H12
2,3/29/2020,H12
1,3/30/2020,H12
1,3/31/2020,H12
,4/1/2020,H12
1,4/2/2020,H12
2,4/3/2020,H12
,4/4/2020,H12
,4/5/2020,H12
,4/6/2020,H12
1,4/7/2020,H12
2,4/8/2020,H12
,4/9/2020,H12
,4/10/2020,H12
,4/11/2020,H12
,4/12/2020,H12
,4/13/2020,H12
1,4/14/2020,H12
1,4/15/2020,H12
1,4/16/2020,H12
1,4/17/2020,H12
1,4/18/2020,H12
,4/19/2020,H12
,4/20/2020,H12
,4/21/2020,H12
,4/22/2020,H12
,4/23/2020,H12
,4/24/2020,H12
,4/25/2020,H12
,4/26/2020,H12
,4/27/2020,H12
1,4/28/2020,H12
1,4/29/2020,H12
0,3/27/2020,H13
0,3/28/2020,H13
0,3/29/2020,H13
1,3/30/2020,H13
1,3/31/2020,H13
0,4/1/2020,H13
1,4/2/2020,H13
1,4/3/2020,H13
0,4/4/2020,H13
0,4/5/2020,H13
0,4/6/2020,H13
1,4/7/2020,H13
0,4/8/2020,H13
0,4/9/2020,H13
1,4/10/2020,H13
0,4/11/2020,H13
2,4/12/2020,H13
0,4/13/2020,H13
0,4/14/2020,H13
1,4/15/2020,H13
0,4/16/2020,H13
1,4/17/2020,H13
0,4/18/2020,H13
1,4/19/2020,H13
0,4/20/2020,H13
0,4/21/2020,H13
1,4/22/2020,H13
0,4/23/2020,H13
0,4/24/2020,H13
0,4/25/2020,H13
0,4/26/2020,H13
0,4/27/2020,H13
0,4/28/2020,H13
0,4/29/2020,H13
,3/27/2020,H14
,3/28/2020,H14
,3/29/2020,H14
1,3/30/2020,H14
,3/31/2020,H14
,4/1/2020,H14
,4/2/2020,H14
1,4/3/2020,H14
1,4/4/2020,H14
1,4/5/2020,H14
2,4/6/2020,H14
,4/7/2020,H14
1,4/8/2020,H14
2,4/9/2020,H14
4,4/10/2020,H14
1,4/11/2020,H14
,4/12/2020,H14
1,4/13/2020,H14
1,4/14/2020,H14
2,4/15/2020,H14
2,4/16/2020,H14
1,4/17/2020,H14
3,4/18/2020,H14
1,4/19/2020,H14
2,4/20/2020,H14
1,4/21/2020,H14
1,4/22/2020,H14
4,4/23/2020,H14
,4/24/2020,H14
1,4/25/2020,H14
2,4/26/2020,H14
2,4/27/2020,H14
1,4/28/2020,H14
3,4/29/2020,H14
,3/27/2020,H15
,3/28/2020,H15
1,3/29/2020,H15
,3/30/2020,H15
,3/31/2020,H15
,4/1/2020,H15
,4/2/2020,H15
,4/3/2020,H15
,4/4/2020,H15
,4/5/2020,H15
,4/6/2020,H15
,4/7/2020,H15
,4/8/2020,H15
,4/9/2020,H15
,4/10/2020,H15
,4/11/2020,H15
,4/12/2020,H15
,4/13/2020,H15
,4/14/2020,H15
,4/15/2020,H15
,4/16/2020,H15
,4/17/2020,H15
3,4/18/2020,H15
4,4/19/2020,H15
,4/20/2020,H15
,4/21/2020,H15
,4/22/2020,H15
,4/23/2020,H15
,4/24/2020,H15
,4/25/2020,H15
,4/26/2020,H15
,4/27/2020,H15
,4/28/2020,H15
1,4/29/2020,H15
0,3/27/2020,H16
0,3/28/2020,H16
0,3/29/2020,H16
0,3/30/2020,H16
0,3/31/2020,H16
1,4/1/2020,H16
0,4/2/2020,H16
0,4/3/2020,H16
0,4/4/2020,H16
0,4/5/2020,H16
0,4/6/2020,H16
0,4/7/2020,H16
1,4/8/2020,H16
0,4/9/2020,H16
1,4/10/2020,H16
0,4/11/2020,H16
0,4/12/2020,H16
0,4/13/2020,H16
1,4/14/2020,H16
1,4/15/2020,H16
0,4/16/2020,H16
0,4/17/2020,H16
0,4/18/2020,H16
1,4/19/2020,H16
0,4/20/2020,H16
0,4/21/2020,H16
1,4/22/2020,H16
1,4/23/2020,H16
0,4/24/2020,H16
1,4/25/2020,H16
0,4/26/2020,H16
0,4/27/2020,H16
0,4/28/2020,H16
0,4/29/2020,H16
,3/27/2020,H17
,3/28/2020,H17
,3/29/2020,H17
,3/30/2020,H17
,3/31/2020,H17
,4/1/2020,H17
,4/2/2020,H17
1,4/3/2020,H17
1,4/4/2020,H17
1,4/5/2020,H17
,4/6/2020,H17
,4/7/2020,H17
,4/8/2020,H17
1,4/9/2020,H17
1,4/10/2020,H17
,4/11/2020,H17
,4/12/2020,H17
,4/13/2020,H17
,4/14/2020,H17
,4/15/2020,H17
,4/16/2020,H17
,4/17/2020,H17
1,4/18/2020,H17
,4/19/2020,H17
,4/20/2020,H17
,4/21/2020,H17
,4/22/2020,H17
,4/23/2020,H17
,4/24/2020,H17
,4/25/2020,H17
,4/26/2020,H17
,4/27/2020,H17
,4/28/2020,H17
,4/29/2020,H17
0,3/27/2020,H18
0,3/28/2020,H18
0,3/29/2020,H18
0,3/30/2020,H18
0,3/31/2020,H18
,4/1/2020,H18
0,4/2/2020,H18
0,4/3/2020,H18
0,4/4/2020,H18
0,4/5/2020,H18
0,4/6/2020,H18
0,4/7/2020,H18
0,4/8/2020,H18
0,4/9/2020,H18
0,4/10/2020,H18
0,4/11/2020,H18
0,4/12/2020,H18
0,4/13/2020,H18
0,4/14/2020,H18
0,4/15/2020,H18
0,4/16/2020,H18
0,4/17/2020,H18
0,4/18/2020,H18
0,4/19/2020,H18
0,4/20/2020,H18
0,4/21/2020,H18
0,4/22/2020,H18
0,4/23/2020,H18
0,4/24/2020,H18
0,4/25/2020,H18
0,4/26/2020,H18
0,4/27/2020,H18
0,4/28/2020,H18
0,4/29/2020,H18
0,3/27/2020,H19
1,3/28/2020,H19
0,3/29/2020,H19
1,3/30/2020,H19
0,3/31/2020,H19
0,4/1/2020,H19
0,4/2/2020,H19
0,4/3/2020,H19
0,4/4/2020,H19
0,4/5/2020,H19
1,4/6/2020,H19
0,4/7/2020,H19
1,4/8/2020,H19
0,4/9/2020,H19
0,4/10/2020,H19
1,4/11/2020,H19
0,4/12/2020,H19
1,4/13/2020,H19
1,4/14/2020,H19
1,4/15/2020,H19
2,4/16/2020,H19
1,4/17/2020,H19
0,4/18/2020,H19
0,4/19/2020,H19
0,4/20/2020,H19
1,4/21/2020,H19
0,4/22/2020,H19
1,4/23/2020,H19
1,4/24/2020,H19
0,4/25/2020,H19
0,4/26/2020,H19
0,4/27/2020,H19
3,4/28/2020,H19
1,4/29/2020,H19
,3/27/2020,H20
,3/28/2020,H20
,3/29/2020,H20
1,3/30/2020,H20
,3/31/2020,H20
,4/1/2020,H20
,4/2/2020,H20
,4/3/2020,H20
1,4/4/2020,H20
2,4/5/2020,H20
,4/6/2020,H20
1,4/7/2020,H20
,4/8/2020,H20
,4/9/2020,H20
,4/10/2020,H20
,4/11/2020,H20
,4/12/2020,H20
,4/13/2020,H20
1,4/14/2020,H20
,4/15/2020,H20
1,4/16/2020,H20
1,4/17/2020,H20
8,4/18/2020,H20
1,4/19/2020,H20
,4/20/2020,H20
1,4/21/2020,H20
1,4/22/2020,H20
1,4/23/2020,H20
,4/24/2020,H20
,4/25/2020,H20
,4/26/2020,H20
,4/27/2020,H20
1,4/28/2020,H20
1,4/29/2020,H20
0,3/27/2020,H21
0,3/28/2020,H21
0,3/29/2020,H21
0,3/30/2020,H21
0,3/31/2020,H21
0,4/1/2020,H21
0,4/2/2020,H21
0,4/3/2020,H21
0,4/4/2020,H21
0,4/5/2020,H21
0,4/6/2020,H21
0,4/7/2020,H21
0,4/8/2020,H21
0,4/9/2020,H21
0,4/10/2020,H21
0,4/11/2020,H21
0,4/12/2020,H21
0,4/13/2020,H21
0,4/14/2020,H21
0,4/15/2020,H21
0,4/16/2020,H21
0,4/17/2020,H21
0,4/18/2020,H21
0,4/19/2020,H21
0,4/20/2020,H21
0,4/21/2020,H21
0,4/22/2020,H21
0,4/23/2020,H21
0,4/24/2020,H21
0,4/25/2020,H21
0,4/26/2020,H21
0,4/27/2020,H21
0,4/28/2020,H21
0,4/29/2020,H21
0,3/27/2020,H22
0,3/28/2020,H22
0,3/29/2020,H22
0,3/30/2020,H22
0,3/31/2020,H22
0,4/1/2020,H22
1,4/2/2020,H22
0,4/3/2020,H22
0,4/4/2020,H22
0,4/5/2020,H22
1,4/6/2020,H22
24,4/7/2020,H22
21,4/8/2020,H22
27,4/9/2020,H22
2,4/10/2020,H22
3,4/11/2020,H22
2,4/12/2020,H22
1,4/13/2020,H22
3,4/14/2020,H22
2,4/15/2020,H22
4,4/16/2020,H22
6,4/17/2020,H22
1,4/18/2020,H22
3,4/19/2020,H22
2,4/20/2020,H22
1,4/21/2020,H22
3,4/22/2020,H22
3,4/23/2020,H22
2,4/24/2020,H22
4,4/25/2020,H22
6,4/26/2020,H22
2,4/27/2020,H22
2,4/28/2020,H22
1,4/29/2020,H22
0,3/27/2020,H23
0,3/28/2020,H23
0,3/29/2020,H23
0,3/30/2020,H23
0,3/31/2020,H23
,4/1/2020,H23
0,4/2/2020,H23
0,4/3/2020,H23
0,4/4/2020,H23
0,4/5/2020,H23
0,4/6/2020,H23
0,4/7/2020,H23
0,4/8/2020,H23
0,4/9/2020,H23
0,4/10/2020,H23
0,4/11/2020,H23
0,4/12/2020,H23
0,4/13/2020,H23
0,4/14/2020,H23
0,4/15/2020,H23
0,4/16/2020,H23
0,4/17/2020,H23
0,4/18/2020,H23
0,4/19/2020,H23
0,4/20/2020,H23
0,4/21/2020,H23
0,4/22/2020,H23
0,4/23/2020,H23
0,4/24/2020,H23
0,4/25/2020,H23
0,4/26/2020,H23
0,4/27/2020,H23
0,4/28/2020,H23
0,4/29/2020,H23
0,3/27/2020,H24
0,3/28/2020,H24
2,3/29/2020,H24
2,3/30/2020,H24
0,3/31/2020,H24
0,4/1/2020,H24
0,4/2/2020,H24
0,4/3/2020,H24
1,4/4/2020,H24
0,4/5/2020,H24
0,4/6/2020,H24
0,4/7/2020,H24
0,4/8/2020,H24
0,4/9/2020,H24
0,4/10/2020,H24
1,4/11/2020,H24
0,4/12/2020,H24
1,4/13/2020,H24
1,4/14/2020,H24
0,4/15/2020,H24
0,4/16/2020,H24
0,4/17/2020,H24
2,4/18/2020,H24
0,4/19/2020,H24
1,4/20/2020,H24
0,4/21/2020,H24
0,4/22/2020,H24
1,4/23/2020,H24
0,4/24/2020,H24
1,4/25/2020,H24
0,4/26/2020,H24
2,4/27/2020,H24
0,4/28/2020,H24
2,4/29/2020,H24
0,3/27/2020,H25
0,3/28/2020,H25
0,3/29/2020,H25
0,3/30/2020,H25
0,3/31/2020,H25
0,4/1/2020,H25
1,4/2/2020,H25
0,4/3/2020,H25
0,4/4/2020,H25
0,4/5/2020,H25
0,4/6/2020,H25
0,4/7/2020,H25
0,4/8/2020,H25
1,4/9/2020,H25
1,4/10/2020,H25
0,4/11/2020,H25
0,4/12/2020,H25
0,4/13/2020,H25
0,4/14/2020,H25
0,4/15/2020,H25
0,4/16/2020,H25
1,4/17/2020,H25
0,4/18/2020,H25
0,4/19/2020,H25
0,4/20/2020,H25
2,4/21/2020,H25
0,4/22/2020,H25
0,4/23/2020,H25
7,4/24/2020,H25
0,4/25/2020,H25
0,4/26/2020,H25
0,4/27/2020,H25
1,4/28/2020,H25
1,4/29/2020,H25
,3/27/2020,H26
,3/28/2020,H26
,3/29/2020,H26
,3/30/2020,H26
,3/31/2020,H26
,4/1/2020,H26
,4/2/2020,H26
,4/3/2020,H26
,4/4/2020,H26
,4/5/2020,H26
,4/6/2020,H26
,4/7/2020,H26
,4/8/2020,H26
,4/9/2020,H26
,4/10/2020,H26
,4/11/2020,H26
,4/12/2020,H26
,4/13/2020,H26
,4/14/2020,H26
,4/15/2020,H26
,4/16/2020,H26
,4/17/2020,H26
,4/18/2020,H26
,4/19/2020,H26
,4/20/2020,H26
,4/21/2020,H26
,4/22/2020,H26
,4/23/2020,H26
,4/24/2020,H26
,4/25/2020,H26
,4/26/2020,H26
,4/27/2020,H26
,4/28/2020,H26
,4/29/2020,H26
0,3/27/2020,H27
0,3/28/2020,H27
0,3/29/2020,H27
0,3/30/2020,H27
0,3/31/2020,H27
0,4/1/2020,H27
1,4/2/2020,H27
0,4/3/2020,H27
0,4/4/2020,H27
0,4/5/2020,H27
0,4/6/2020,H27
0,4/7/2020,H27
0,4/8/2020,H27
0,4/9/2020,H27
0,4/10/2020,H27
1,4/11/2020,H27
0,4/12/2020,H27
0,4/13/2020,H27
0,4/14/2020,H27
0,4/15/2020,H27
0,4/16/2020,H27
0,4/17/2020,H27
1,4/18/2020,H27
0,4/19/2020,H27
0,4/20/2020,H27
0,4/21/2020,H27
1,4/22/2020,H27
1,4/23/2020,H27
1,4/24/2020,H27
0,4/25/2020,H27
0,4/26/2020,H27
0,4/27/2020,H27
0,4/28/2020,H27
0,4/29/2020,H27
,3/27/2020,H28
,3/28/2020,H28
,3/29/2020,H28
,3/30/2020,H28
,3/31/2020,H28
,4/1/2020,H28
,4/2/2020,H28
,4/3/2020,H28
,4/4/2020,H28
,4/5/2020,H28
,4/6/2020,H28
,4/7/2020,H28
,4/8/2020,H28
,4/9/2020,H28
,4/10/2020,H28
,4/11/2020,H28
,4/12/2020,H28
,4/13/2020,H28
,4/14/2020,H28
,4/15/2020,H28
,4/16/2020,H28
,4/17/2020,H28
,4/18/2020,H28
,4/19/2020,H28
,4/20/2020,H28
,4/21/2020,H28
,4/22/2020,H28
,4/23/2020,H28
,4/24/2020,H28
,4/25/2020,H28
,4/26/2020,H28
,4/27/2020,H28
,4/28/2020,H28
,4/29/2020,H28
,3/27/2020,H29
,3/28/2020,H29
,3/29/2020,H29
,3/30/2020,H29
,3/31/2020,H29
,4/1/2020,H29
,4/2/2020,H29
,4/3/2020,H29
,4/4/2020,H29
,4/5/2020,H29
,4/6/2020,H29
,4/7/2020,H29
1,4/8/2020,H29
,4/9/2020,H29
,4/10/2020,H29
,4/11/2020,H29
,4/12/2020,H29
,4/13/2020,H29
,4/14/2020,H29
,4/15/2020,H29
,4/16/2020,H29
,4/17/2020,H29
,4/18/2020,H29
1,4/19/2020,H29
,4/20/2020,H29
,4/21/2020,H29
,4/22/2020,H29
,4/23/2020,H29
,4/24/2020,H29
,4/25/2020,H29
,4/26/2020,H29
,4/27/2020,H29
,4/28/2020,H29
,4/29/2020,H29
1,3/27/2020,H30
0,3/28/2020,H30
0,3/29/2020,H30
0,3/30/2020,H30
0,3/31/2020,H30
0,4/1/2020,H30
0,4/2/2020,H30
0,4/3/2020,H30
0,4/4/2020,H30
0,4/5/2020,H30
12,4/6/2020,H30
12,4/7/2020,H30
17,4/8/2020,H30
22,4/9/2020,H30
0,4/10/2020,H30
1,4/11/2020,H30
0,4/12/2020,H30
2,4/13/2020,H30
0,4/14/2020,H30
1,4/15/2020,H30
3,4/16/2020,H30
1,4/17/2020,H30
1,4/18/2020,H30
0,4/19/2020,H30
1,4/20/2020,H30
1,4/21/2020,H30
2,4/22/2020,H30
0,4/23/2020,H30
1,4/24/2020,H30
0,4/25/2020,H30
1,4/26/2020,H30
2,4/27/2020,H30
0,4/28/2020,H30
2,4/29/2020,H30
0,3/27/2020,H31
0,3/28/2020,H31
0,3/29/2020,H31
0,3/30/2020,H31
0,3/31/2020,H31
0,4/1/2020,H31
0,4/2/2020,H31
0,4/3/2020,H31
0,4/4/2020,H31
1,4/5/2020,H31
1,4/6/2020,H31
19,4/7/2020,H31
16,4/8/2020,H31
12,4/9/2020,H31
0,4/10/2020,H31
0,4/11/2020,H31
7,4/12/2020,H31
3,4/13/2020,H31
1,4/14/2020,H31
1,4/15/2020,H31
0,4/16/2020,H31
2,4/17/2020,H31
4,4/18/2020,H31
2,4/19/2020,H31
2,4/20/2020,H31
0,4/21/2020,H31
3,4/22/2020,H31
1,4/23/2020,H31
3,4/24/2020,H31
1,4/25/2020,H31
1,4/26/2020,H31
2,4/27/2020,H31
3,4/28/2020,H31
4,4/29/2020,H31
0,3/27/2020,H32
0,3/28/2020,H32
0,3/29/2020,H32
0,3/30/2020,H32
0,3/31/2020,H32
,4/1/2020,H32
0,4/2/2020,H32
0,4/3/2020,H32
0,4/4/2020,H32
0,4/5/2020,H32
0,4/6/2020,H32
0,4/7/2020,H32
0,4/8/2020,H32
0,4/9/2020,H32
0,4/10/2020,H32
0,4/11/2020,H32
0,4/12/2020,H32
0,4/13/2020,H32
0,4/14/2020,H32
0,4/15/2020,H32
0,4/16/2020,H32
0,4/17/2020,H32
0,4/18/2020,H32
0,4/19/2020,H32
0,4/20/2020,H32
0,4/21/2020,H32
0,4/22/2020,H32
0,4/23/2020,H32
0,4/24/2020,H32
0,4/25/2020,H32
0,4/26/2020,H32
0,4/27/2020,H32
0,4/28/2020,H32
0,4/29/2020,H32
,3/27/2020,H33
,3/28/2020,H33
,3/29/2020,H33
,3/30/2020,H33
,3/31/2020,H33
,4/1/2020,H33
,4/2/2020,H33
,4/3/2020,H33
,4/4/2020,H33
,4/5/2020,H33
,4/6/2020,H33
,4/7/2020,H33
,4/8/2020,H33
,4/9/2020,H33
,4/10/2020,H33
,4/11/2020,H33
,4/12/2020,H33
,4/13/2020,H33
,4/14/2020,H33
,4/15/2020,H33
,4/16/2020,H33
,4/17/2020,H33
,4/18/2020,H33
,4/19/2020,H33
,4/20/2020,H33
,4/21/2020,H33
,4/22/2020,H33
,4/23/2020,H33
,4/24/2020,H33
,4/25/2020,H33
,4/26/2020,H33
,4/27/2020,H33
,4/28/2020,H33
,4/29/2020,H33
0,3/27/2020,H34
0,3/28/2020,H34
0,3/29/2020,H34
0,3/30/2020,H34
0,3/31/2020,H34
,4/1/2020,H34
0,4/2/2020,H34
0,4/3/2020,H34
0,4/4/2020,H34
0,4/5/2020,H34
0,4/6/2020,H34
0,4/7/2020,H34
0,4/8/2020,H34
0,4/9/2020,H34
0,4/10/2020,H34
0,4/11/2020,H34
0,4/12/2020,H34
0,4/13/2020,H34
0,4/14/2020,H34
0,4/15/2020,H34
0,4/16/2020,H34
0,4/17/2020,H34
0,4/18/2020,H34
0,4/19/2020,H34
0,4/20/2020,H34
0,4/21/2020,H34
0,4/22/2020,H34
0,4/23/2020,H34
0,4/24/2020,H34
0,4/25/2020,H34
0,4/26/2020,H34
0,4/27/2020,H34
0,4/28/2020,H34
0,4/29/2020,H34
0,3/27/2020,H35
0,3/28/2020,H35
0,3/29/2020,H35
0,3/30/2020,H35
0,3/31/2020,H35
,4/1/2020,H35
0,4/2/2020,H35
0,4/3/2020,H35
0,4/4/2020,H35
0,4/5/2020,H35
0,4/6/2020,H35
0,4/7/2020,H35
0,4/8/2020,H35
0,4/9/2020,H35
0,4/10/2020,H35
0,4/11/2020,H35
0,4/12/2020,H35
0,4/13/2020,H35
0,4/14/2020,H35
0,4/15/2020,H35
0,4/16/2020,H35
0,4/17/2020,H35
0,4/18/2020,H35
0,4/19/2020,H35
0,4/20/2020,H35
0,4/21/2020,H35
0,4/22/2020,H35
0,4/23/2020,H35
0,4/24/2020,H35
0,4/25/2020,H35
0,4/26/2020,H35
0,4/27/2020,H35
0,4/28/2020,H35
0,4/29/2020,H35
,3/27/2020,H36
,3/28/2020,H36
,3/29/2020,H36
,3/30/2020,H36
,3/31/2020,H36
,4/1/2020,H36
,4/2/2020,H36
,4/3/2020,H36
,4/4/2020,H36
,4/5/2020,H36
,4/6/2020,H36
,4/7/2020,H36
,4/8/2020,H36
,4/9/2020,H36
,4/10/2020,H36
,4/11/2020,H36
,4/12/2020,H36
,4/13/2020,H36
,4/14/2020,H36
,4/15/2020,H36
,4/16/2020,H36
,4/17/2020,H36
,4/18/2020,H36
,4/19/2020,H36
,4/20/2020,H36
,4/21/2020,H36
,4/22/2020,H36
,4/23/2020,H36
,4/24/2020,H36
,4/25/2020,H36
,4/26/2020,H36
,4/27/2020,H36
,4/28/2020,H36
,4/29/2020,H36
0,3/27/2020,H02
0,3/28/2020,H02
0,3/29/2020,H02
0,3/30/2020,H02
0,3/31/2020,H02
,4/1/2020,H02
0,4/2/2020,H02
0,4/3/2020,H02
0,4/4/2020,H02
0,4/5/2020,H02
0,4/6/2020,H02
0,4/7/2020,H02
0,4/8/2020,H02
0,4/9/2020,H02
0,4/10/2020,H02
0,4/11/2020,H02
0,4/12/2020,H02
0,4/13/2020,H02
0,4/14/2020,H02
0,4/15/2020,H02
0,4/16/2020,H02
0,4/17/2020,H02
0,4/18/2020,H02
0,4/19/2020,H02
0,4/20/2020,H02
0,4/21/2020,H02
0,4/22/2020,H02
0,4/23/2020,H02
0,4/24/2020,H02
0,4/25/2020,H02
0,4/26/2020,H02
0,4/27/2020,H02
0,4/28/2020,H02
0,4/29/2020,H02
,3/27/2020,H37
,3/28/2020,H37
,3/29/2020,H37
,3/30/2020,H37
,3/31/2020,H37
,4/1/2020,H37
,4/2/2020,H37
,4/3/2020,H37
,4/4/2020,H37
,4/5/2020,H37
,4/6/2020,H37
,4/7/2020,H37
,4/8/2020,H37
,4/9/2020,H37
,4/10/2020,H37
,4/11/2020,H37
,4/12/2020,H37
,4/13/2020,H37
,4/14/2020,H37
,4/15/2020,H37
,4/16/2020,H37
,4/17/2020,H37
,4/18/2020,H37
,4/19/2020,H37
,4/20/2020,H37
,4/21/2020,H37
,4/22/2020,H37
,4/23/2020,H37
,4/24/2020,H37
,4/25/2020,H37
,4/26/2020,H37
,4/27/2020,H37
,4/28/2020,H37
,4/29/2020,H37
0,4/16/2020,H38
0,4/17/2020,H38
0,4/18/2020,H38
0,4/19/2020,H38
0,4/20/2020,H38
0,4/21/2020,H38
0,4/22/2020,H38
0,4/23/2020,H38
0,4/24/2020,H38
0,4/25/2020,H38
0,4/26/2020,H38
0,4/27/2020,H38
0,4/28/2020,H38
0,4/29/2020,H38
0,3/27/2020,H39
,3/27/2020,H40
,3/28/2020,H40
,3/29/2020,H40
0,3/28/2020,H39
,3/30/2020,H40
,3/31/2020,H40
,4/1/2020,H40
,4/2/2020,H40
,4/3/2020,H40
,4/4/2020,H40
,4/5/2020,H40
,4/6/2020,H40
,4/7/2020,H40
,4/8/2020,H40
,4/9/2020,H40
,4/10/2020,H40
,4/11/2020,H40
,4/12/2020,H40
,4/13/2020,H40
,4/14/2020,H40
,4/15/2020,H40
,4/16/2020,H40
0,3/29/2020,H39
,4/17/2020,H40
,4/18/2020,H40
,4/19/2020,H40
,4/20/2020,H40
,4/21/2020,H40
,4/22/2020,H40
,4/23/2020,H40
,4/24/2020,H40
,4/25/2020,H40
,4/26/2020,H40
,4/27/2020,H40
,4/28/2020,H40
,4/29/2020,H40
0,3/27/2020,H41
0,3/28/2020,H41
0,3/29/2020,H41
0,3/30/2020,H41
0,3/31/2020,H41
,4/1/2020,H41
0,4/2/2020,H41
0,4/3/2020,H41
0,4/4/2020,H41
0,4/5/2020,H41
0,4/6/2020,H41
0,4/7/2020,H41
0,4/8/2020,H41
0,4/9/2020,H41
0,4/10/2020,H41
0,4/11/2020,H41
0,4/12/2020,H41
0,4/13/2020,H41
0,4/14/2020,H41
0,4/15/2020,H41
0,4/16/2020,H41
0,4/17/2020,H41
0,4/18/2020,H41
0,4/19/2020,H41
0,4/18/2020,H42
0,4/19/2020,H42
0,4/20/2020,H42
0,4/21/2020,H42
0,4/22/2020,H42
0,4/23/2020,H42
0,4/24/2020,H42
0,4/25/2020,H42
0,4/26/2020,H42
0,4/27/2020,H42
0,4/28/2020,H42
0,4/29/2020,H42
0,3/27/2020,H43
0,3/28/2020,H43
0,3/29/2020,H43
0,3/30/2020,H43
0,3/31/2020,H43
,4/1/2020,H43
0,4/2/2020,H43
0,4/3/2020,H43
0,4/4/2020,H43
0,4/5/2020,H43
0,4/6/2020,H43
0,4/7/2020,H43
0,4/8/2020,H43
0,4/9/2020,H43
0,4/10/2020,H43
0,4/11/2020,H43
0,4/12/2020,H43
0,4/13/2020,H43
0,4/14/2020,H43
0,4/15/2020,H43
0,4/16/2020,H43
0,4/17/2020,H43
0,4/18/2020,H43
0,4/19/2020,H43
0,4/20/2020,H43
0,4/21/2020,H43
0,4/22/2020,H43
0,4/23/2020,H43
0,4/24/2020,H43
0,4/25/2020,H43
0,4/26/2020,H43
0,4/27/2020,H43
0,4/28/2020,H43
0,4/29/2020,H43
0,3/27/2020,H38
0,3/28/2020,H38
0,3/29/2020,H38
0,3/30/2020,H38
0,3/31/2020,H38
,4/1/2020,H38
0,4/2/2020,H38
0,4/3/2020,H38
0,4/4/2020,H38
0,4/5/2020,H38
0,4/6/2020,H38
0,4/7/2020,H38
0,4/8/2020,H38
0,4/9/2020,H38
0,4/10/2020,H38
0,4/11/2020,H38
0,4/12/2020,H38
0,4/13/2020,H38
0,4/14/2020,H38
0,4/15/2020,H38
0,3/27/2020,H44
0,3/28/2020,H44
0,3/29/2020,H44
0,3/30/2020,H44
0,3/31/2020,H44
,4/1/2020,H44
0,4/2/2020,H44
0,4/3/2020,H44
0,4/4/2020,H44
0,4/5/2020,H44
0,4/6/2020,H44
0,4/7/2020,H44
0,4/8/2020,H44
0,4/9/2020,H44
0,4/10/2020,H44
0,4/11/2020,H44
0,4/12/2020,H44
0,4/13/2020,H44
0,4/14/2020,H44
0,4/15/2020,H44
0,4/16/2020,H44
0,4/17/2020,H44
0,4/18/2020,H44
0,4/19/2020,H44
0,4/20/2020,H44
0,4/21/2020,H44
0,4/22/2020,H44
0,4/23/2020,H44
0,4/24/2020,H44
0,4/25/2020,H44
0,4/26/2020,H44
0,4/27/2020,H44
0,4/28/2020,H44
0,4/29/2020,H44
0,3/27/2020,H45
0,3/28/2020,H45
0,3/29/2020,H45
0,3/30/2020,H45
0,3/31/2020,H45
,4/1/2020,H45
0,4/2/2020,H45
0,4/3/2020,H45
0,4/4/2020,H45
0,4/5/2020,H45
0,4/6/2020,H45
0,4/7/2020,H45
0,4/8/2020,H45
0,4/9/2020,H45
0,4/10/2020,H45
0,4/11/2020,H45
0,4/12/2020,H45
0,4/13/2020,H45
0,4/14/2020,H45
0,4/15/2020,H45
0,4/16/2020,H45
0,4/17/2020,H45
0,4/18/2020,H45
0,4/19/2020,H45
0,4/20/2020,H45
0,4/21/2020,H45
0,4/20/2020,H41
0,4/21/2020,H41
0,4/22/2020,H41
0,4/23/2020,H41
0,4/24/2020,H41
0,4/25/2020,H41
1,3/27/2020,H46
1,3/28/2020,H46
,3/29/2020,H46
1,3/30/2020,H46
1,3/31/2020,H46
,4/1/2020,H46
,4/10/2020,H46
,4/11/2020,H46
1,4/12/2020,H46
,4/13/2020,H46
2,4/14/2020,H46
1,4/15/2020,H46
3,4/16/2020,H46
,4/17/2020,H46
,4/18/2020,H46
1,4/19/2020,H46
,4/2/2020,H46
,4/20/2020,H46
,4/21/2020,H46
1,4/22/2020,H46
1,4/23/2020,H46
,4/24/2020,H46
1,4/25/2020,H46
,4/26/2020,H46
,4/27/2020,H46
,4/28/2020,H46
,4/29/2020,H46
2,4/3/2020,H46
,4/4/2020,H46
3,4/5/2020,H46
,4/6/2020,H46
1,4/7/2020,H46
4,4/8/2020,H46
,4/9/2020,H46
,3/27/2020,H47
,3/28/2020,H47
,3/29/2020,H47
0,4/26/2020,H41
0,4/27/2020,H41
0,4/28/2020,H41
0,4/29/2020,H41
0,3/27/2020,H48
0,3/28/2020,H48
0,3/29/2020,H48
0,3/30/2020,H48
0,3/31/2020,H48
0,4/1/2020,H48
0,4/2/2020,H48
0,4/3/2020,H48
0,4/4/2020,H48
0,4/5/2020,H48
0,4/6/2020,H48
0,4/7/2020,H48
0,4/8/2020,H48
0,4/9/2020,H48
0,4/10/2020,H48
0,4/11/2020,H48
0,4/12/2020,H48
0,4/13/2020,H48
,3/30/2020,H47
,3/31/2020,H47
1,4/1/2020,H47
,4/10/2020,H47
,4/11/2020,H47
1,4/12/2020,H47
,4/13/2020,H47
,4/14/2020,H47
,4/15/2020,H47
,4/16/2020,H47
,4/17/2020,H47
,4/18/2020,H47
,4/19/2020,H47
,4/2/2020,H47
,4/20/2020,H47
,4/21/2020,H47
,4/22/2020,H47
,4/23/2020,H47
,4/24/2020,H47
,4/25/2020,H47
,4/26/2020,H47
,4/27/2020,H47
,4/28/2020,H47
,4/29/2020,H47
,4/3/2020,H47
1,4/4/2020,H47
,4/5/2020,H47
1,4/6/2020,H47
,4/7/2020,H47
,4/8/2020,H47
1,4/9/2020,H47
1,3/27/2020,H49
2,3/28/2020,H49
,3/29/2020,H49
1,3/30/2020,H49
2,3/31/2020,H49
,4/1/2020,H49
3,4/10/2020,H49
5,4/11/2020,H49
1,4/12/2020,H49
,4/13/2020,H49
7,4/14/2020,H49
2,4/15/2020,H49
2,4/16/2020,H49
1,4/17/2020,H49
1,4/18/2020,H49
0,4/14/2020,H48
0,4/15/2020,H48
0,4/16/2020,H48
0,4/17/2020,H48
0,4/18/2020,H48
0,4/19/2020,H48
0,4/20/2020,H48
0,4/21/2020,H48
0,4/22/2020,H48
0,4/23/2020,H48
0,4/24/2020,H48
0,4/25/2020,H48
0,4/26/2020,H48
0,4/27/2020,H48
0,4/28/2020,H48
0,4/29/2020,H48
0,3/27/2020,H42
0,3/28/2020,H42
2,4/19/2020,H49
2,4/2/2020,H49
,4/20/2020,H49
1,4/21/2020,H49
1,4/22/2020,H49
1,4/23/2020,H49
1,4/24/2020,H49
1,4/25/2020,H49
,4/26/2020,H49
1,4/27/2020,H49
,4/28/2020,H49
1,4/29/2020,H49
2,4/3/2020,H49
1,4/4/2020,H49
,4/5/2020,H49
2,4/6/2020,H49
1,4/7/2020,H49
1,4/8/2020,H49
3,4/9/2020,H49
1,3/27/2020,H50
,3/28/2020,H50
,3/29/2020,H50
,3/30/2020,H50
,3/31/2020,H50
,4/1/2020,H50
,4/10/2020,H50
,4/11/2020,H50
,4/12/2020,H50
,4/13/2020,H50
,4/14/2020,H50
,4/15/2020,H50
,4/16/2020,H50
,4/17/2020,H50
,4/18/2020,H50
,4/19/2020,H50
,4/2/2020,H50
,4/20/2020,H50
,4/21/2020,H50
,4/22/2020,H50
,4/23/2020,H50
,4/24/2020,H50
,4/25/2020,H50
,4/26/2020,H50
,4/27/2020,H50
,4/28/2020,H50
0,3/29/2020,H42
0,3/30/2020,H42
0,3/31/2020,H42
0,4/1/2020,H42
0,4/2/2020,H42
0,4/3/2020,H42
0,4/4/2020,H42
0,4/5/2020,H42
0,4/6/2020,H42
0,4/7/2020,H42
0,4/8/2020,H42
0,4/9/2020,H42
0,4/10/2020,H42
0,4/11/2020,H42
0,4/12/2020,H42
0,4/13/2020,H42
0,4/14/2020,H42
0,4/15/2020,H42
0,4/16/2020,H42
0,4/17/2020,H42
,4/29/2020,H50
,4/3/2020,H50
,4/4/2020,H50
,4/5/2020,H50
,4/6/2020,H50
,4/7/2020,H50
,4/8/2020,H50
,4/9/2020,H50
,3/27/2020,H51
,3/28/2020,H51
2,3/29/2020,H51
,3/30/2020,H51
1,3/31/2020,H51
,4/1/2020,H51
1,4/10/2020,H51
,4/11/2020,H51
,4/12/2020,H51
,4/13/2020,H51
,4/14/2020,H51
1,4/15/2020,H51
1,4/16/2020,H51
1,4/17/2020,H51
2,4/18/2020,H51
,4/19/2020,H51
,4/2/2020,H51
,4/20/2020,H51
,4/21/2020,H51
1,4/22/2020,H51
,4/23/2020,H51
,4/24/2020,H51
,4/25/2020,H51
,4/26/2020,H51
,4/27/2020,H51
,4/28/2020,H51
,4/29/2020,H51
,4/3/2020,H51
,4/4/2020,H51
,4/5/2020,H51
,4/6/2020,H51
,4/7/2020,H51
1,4/8/2020,H51
,4/9/2020,H51
0,4/30/2020,H44
0,4/30/2020,H11
0,4/30/2020,H34
0,4/30/2020,H18
0,4/30/2020,H23
0,4/30/2020,H45
0,4/30/2020,H32
0,4/30/2020,H52
0,4/30/2020,H35
0,4/30/2020,H41
0,4/30/2020,H39
0,4/30/2020,H43
0,4/30/2020,H38
1,4/19/2020,H01
0,4/22/2020,H45
0,4/23/2020,H45
0,4/24/2020,H45
0,4/25/2020,H45
0,4/26/2020,H45
0,4/27/2020,H45
0,4/28/2020,H45
0,4/29/2020,H45
0,3/27/2020,H53
1,3/28/2020,H53
0,3/29/2020,H53
0,3/30/2020,H53
0,3/31/2020,H53
0,4/1/2020,H53
0,4/2/2020,H53
0,4/3/2020,H53
0,4/4/2020,H53
0,4/5/2020,H53
0,4/6/2020,H53
0,4/7/2020,H53
0,4/8/2020,H53
0,4/9/2020,H53
0,4/10/2020,H53
1,4/11/2020,H53
2,4/12/2020,H53
1,4/13/2020,H53
0,4/14/2020,H53
0,4/15/2020,H53
0,4/16/2020,H53
2,4/17/2020,H53
2,4/18/2020,H53
1,4/19/2020,H53
0,4/20/2020,H53
1,4/21/2020,H53
0,4/22/2020,H53
0,4/23/2020,H53
1,4/24/2020,H53
0,4/25/2020,H53
0,4/26/2020,H53
0,4/27/2020,H53
0,4/28/2020,H53
0,4/29/2020,H53
0,3/27/2020,H03
0,3/28/2020,H03
0,3/29/2020,H03
0,3/30/2020,H03
0,3/31/2020,H03
0,4/1/2020,H03
0,4/2/2020,H03
0,4/3/2020,H03
0,4/4/2020,H03
0,4/5/2020,H03
0,4/6/2020,H03
13,4/7/2020,H03
24,4/8/2020,H03
28,4/9/2020,H03
0,4/10/2020,H03
3,4/11/2020,H03
0,4/12/2020,H03
1,4/13/2020,H03
0,4/14/2020,H03
1,4/15/2020,H03
2,4/16/2020,H03
1,4/17/2020,H03
0,4/18/2020,H03
0,4/19/2020,H03
0,4/20/2020,H03
1,4/21/2020,H03
1,4/22/2020,H03
0,4/23/2020,H03
1,4/24/2020,H03
1,4/25/2020,H03
2,4/26/2020,H03
4,4/27/2020,H03
0,4/28/2020,H03
3,4/29/2020,H03
4,4/21/2020,H01
0,3/30/2020,H39
0,3/31/2020,H39
,4/1/2020,H39
0,4/2/2020,H39
0,4/3/2020,H39
0,4/4/2020,H39
0,4/5/2020,H39
0,4/6/2020,H39
0,4/7/2020,H39
0,4/8/2020,H39
0,4/9/2020,H39
0,4/10/2020,H39
0,4/11/2020,H39
0,4/12/2020,H39
0,4/13/2020,H39
0,4/14/2020,H39
0,4/15/2020,H39
0,4/16/2020,H39
0,4/17/2020,H39
0,4/18/2020,H39
0,4/19/2020,H39
0,4/20/2020,H39
0,4/21/2020,H39
0,4/22/2020,H39
0,4/23/2020,H39
0,4/24/2020,H39
0,4/25/2020,H39
0,4/26/2020,H39
0,4/27/2020,H39
0,4/28/2020,H39
0,4/29/2020,H39
,3/27/2020,H54
,3/28/2020,H54
,3/29/2020,H54
,3/30/2020,H54
,3/31/2020,H54
,4/1/2020,H54
,4/2/2020,H54
,4/3/2020,H54
,4/4/2020,H54
,4/5/2020,H54
,4/6/2020,H54
,4/7/2020,H54
,4/8/2020,H54
,4/9/2020,H54
,4/10/2020,H54
,4/11/2020,H54
,4/12/2020,H54
,4/13/2020,H54
,4/14/2020,H54
,4/15/2020,H54
,4/16/2020,H54
,4/17/2020,H54
,4/18/2020,H54
,4/19/2020,H54
,4/20/2020,H54
,4/21/2020,H54
,4/22/2020,H54
,4/23/2020,H54
,4/24/2020,H54
,4/25/2020,H54
,4/26/2020,H54
,4/27/2020,H54
,4/28/2020,H54
,4/29/2020,H54
0,3/27/2020,H52
0,3/28/2020,H52
0,3/29/2020,H52
0,3/30/2020,H52
0,3/31/2020,H52
,4/1/2020,H52
0,4/2/2020,H52
0,4/3/2020,H52
0,4/4/2020,H52
0,4/5/2020,H52
0,4/6/2020,H52
0,4/7/2020,H52
0,4/8/2020,H52
0,4/9/2020,H52
0,4/10/2020,H52
0,4/11/2020,H52
0,4/12/2020,H52
0,4/13/2020,H52
0,4/14/2020,H52
0,4/15/2020,H52
0,4/16/2020,H52
0,4/17/2020,H52
0,4/18/2020,H52
0,4/19/2020,H52
0,4/20/2020,H52
0,4/21/2020,H52
0,4/22/2020,H52
0,4/23/2020,H52
0,4/24/2020,H52
0,4/25/2020,H52
0,4/26/2020,H52
0,4/27/2020,H52
0,4/28/2020,H52
0,4/29/2020,H52
5,4/28/2020,H01
6,4/30/2020,H03
5,5/1/2020,H03
3,5/2/2020,H03
2,5/3/2020,H03
0,4/30/2020,H48
1,4/30/2020,H53
1,4/30/2020,H13
0,4/30/2020,H19
0,4/30/2020,H21
7,4/30/2020,H24
1,4/30/2020,H25
0,4/30/2020,H27
4,5/7/2020,H03
1,5/8/2020,H03
1,5/9/2020,H03
4,4/30/2020,H22
4,5/1/2020,H22
2,5/2/2020,H22
3,5/3/2020,H22
2,5/4/2020,H22
0,4/30/2020,H30
0,5/1/2020,H30
0,5/2/2020,H30
2,5/3/2020,H30
1,5/4/2020,H30
1,4/30/2020,H31
3,5/1/2020,H31
3,5/2/2020,H31
2,5/3/2020,H31
2,5/4/2020,H31
0,5/5/2020,H31
3,5/6/2020,H31
3,5/7/2020,H31
0,4/30/2020,H42
0,4/30/2020,H04
2,4/30/2020,H16
5,4/29/2020,H01
,5/18/2020,H08
,5/19/2020,H08
,5/20/2020,H08
,5/21/2020,H08
1,5/22/2020,H08
,5/23/2020,H08
,5/24/2020,H08
,5/25/2020,H08
1,5/26/2020,H08
1,5/27/2020,H08
,5/28/2020,H08
,5/29/2020,H08
,5/30/2020,H08
,5/31/2020,H08
,6/1/2020,H08
,6/2/2020,H08
1,6/3/2020,H08
,6/4/2020,H08
,4/30/2020,H47
,5/1/2020,H47
,5/2/2020,H47
,5/3/2020,H47
,5/4/2020,H47
,5/5/2020,H47
,5/6/2020,H47
,5/7/2020,H47
,5/8/2020,H47
,5/9/2020,H47
,5/10/2020,H47
,5/11/2020,H47
,5/12/2020,H47
,5/13/2020,H47
,5/14/2020,H47
,5/15/2020,H47
,5/16/2020,H47
,5/17/2020,H47
,5/18/2020,H47
,5/19/2020,H47
,5/20/2020,H47
,5/21/2020,H47
,5/22/2020,H47
1,5/23/2020,H47
,5/24/2020,H47
,5/25/2020,H47
,5/26/2020,H47
,5/27/2020,H47
,5/28/2020,H47
1,5/29/2020,H47
,5/30/2020,H47
,5/31/2020,H47
,6/1/2020,H47
,6/2/2020,H47
,6/3/2020,H47
,6/4/2020,H47
,5/28/2020,H17
,5/29/2020,H17
,5/30/2020,H17
,5/31/2020,H17
,6/1/2020,H17
,6/2/2020,H17
,6/3/2020,H17
,6/4/2020,H17
2,5/29/2020,H49
,5/30/2020,H49
,5/31/2020,H49
,6/1/2020,H49
,6/2/2020,H49
,6/3/2020,H49
1,6/4/2020,H49
,4/30/2020,H08
,5/1/2020,H08
,5/2/2020,H08
1,5/3/2020,H08
,5/4/2020,H08
,5/5/2020,H08
1,5/6/2020,H08
1,5/7/2020,H08
,5/8/2020,H08
,5/9/2020,H08
,5/10/2020,H08
,5/11/2020,H08
1,5/12/2020,H08
,5/13/2020,H08
,5/14/2020,H08
1,5/15/2020,H08
,5/16/2020,H08
,5/17/2020,H08
,4/30/2020,H17
,5/1/2020,H17
,5/2/2020,H17
,5/3/2020,H17
,5/4/2020,H17
,5/5/2020,H17
,5/6/2020,H17
,5/7/2020,H17
,5/8/2020,H17
,5/9/2020,H17
1,5/10/2020,H17
,5/11/2020,H17
,5/12/2020,H17
,5/13/2020,H17
,5/14/2020,H17
,5/15/2020,H17
,5/16/2020,H17
,5/17/2020,H17
1,5/18/2020,H17
,5/19/2020,H17
,5/20/2020,H17
,5/21/2020,H17
,5/22/2020,H17
1,5/23/2020,H17
4,4/30/2020,H49
2,5/1/2020,H49
2,5/2/2020,H49
,5/3/2020,H49
,5/4/2020,H49
1,5/5/2020,H49
,5/6/2020,H49
2,5/7/2020,H49
2,5/8/2020,H49
2,5/9/2020,H49
4,5/10/2020,H49
3,5/11/2020,H49
,5/12/2020,H49
,5/13/2020,H49
1,5/22/2020,H49
1,5/23/2020,H49
1,5/24/2020,H49
,5/25/2020,H49
,5/26/2020,H49
1,5/27/2020,H49
,5/28/2020,H49
,5/24/2020,H17
1,5/25/2020,H17
,5/26/2020,H17
,5/27/2020,H17
,4/30/2020,H46
,5/1/2020,H46
1,5/2/2020,H46
1,5/3/2020,H46
,5/4/2020,H46
1,5/5/2020,H46
1,5/6/2020,H46
1,5/7/2020,H46
1,5/8/2020,H46
3,5/9/2020,H46
,5/10/2020,H46
,5/11/2020,H46
,5/12/2020,H46
1,5/13/2020,H46
1,5/14/2020,H46
1,5/15/2020,H46
1,5/16/2020,H46
2,5/17/2020,H46
2,5/18/2020,H46
,5/19/2020,H46
2,5/20/2020,H46
1,5/21/2020,H46
2,5/22/2020,H46
1,5/23/2020,H46
1,5/24/2020,H46
2,5/25/2020,H46
3,5/26/2020,H46
2,5/27/2020,H46
2,5/28/2020,H46
,5/29/2020,H46
,5/30/2020,H46
1,5/31/2020,H46
1,6/1/2020,H46
5,6/2/2020,H46
2,6/3/2020,H46
3,6/4/2020,H46
,4/30/2020,H12
,5/1/2020,H12
,5/2/2020,H12
,5/3/2020,H12
,5/4/2020,H12
,5/5/2020,H12
,5/6/2020,H12
1,5/7/2020,H12
,5/8/2020,H12
,5/9/2020,H12
,5/10/2020,H12
,5/11/2020,H12
,5/12/2020,H12
,5/13/2020,H12
,5/14/2020,H12
,5/15/2020,H12
,5/16/2020,H12
,5/17/2020,H12
,5/18/2020,H12
,5/19/2020,H12
,5/20/2020,H12
,5/21/2020,H12
,5/22/2020,H12
,5/23/2020,H12
,5/24/2020,H12
,5/25/2020,H12
,5/26/2020,H12
,5/27/2020,H12
,5/28/2020,H12
,5/29/2020,H12
,5/30/2020,H12
,5/31/2020,H12
,6/1/2020,H12
,6/2/2020,H12
,6/3/2020,H12
,6/4/2020,H12
1,4/30/2020,H14
,5/1/2020,H14
,5/2/2020,H14
2,5/3/2020,H14
,5/4/2020,H14
2,5/5/2020,H14
3,5/6/2020,H14
1,5/7/2020,H14
2,5/8/2020,H14
2,5/9/2020,H14
,5/10/2020,H14
1,5/11/2020,H14
2,5/12/2020,H14
1,5/13/2020,H14
,5/14/2020,H14
2,5/15/2020,H14
,5/16/2020,H14
1,5/17/2020,H14
1,5/18/2020,H14
,5/19/2020,H14
,5/20/2020,H14
1,5/21/2020,H14
1,5/22/2020,H14
,5/23/2020,H14
1,5/24/2020,H14
1,5/25/2020,H14
1,5/26/2020,H14
1,5/27/2020,H14
3,5/28/2020,H14
2,5/29/2020,H14
1,5/30/2020,H14
1,5/31/2020,H14
,6/1/2020,H14
1,6/2/2020,H14
1,6/3/2020,H14
1,6/4/2020,H14
1,4/30/2020,H09
,5/1/2020,H09
,5/2/2020,H09
1,5/3/2020,H09
,5/4/2020,H09
,5/5/2020,H09
,5/6/2020,H09
,5/7/2020,H09
,5/8/2020,H09
1,5/9/2020,H09
,5/10/2020,H09
,5/11/2020,H09
,5/12/2020,H09
,5/13/2020,H09
,5/14/2020,H09
,5/15/2020,H09
,5/16/2020,H09
,5/17/2020,H09
1,5/18/2020,H09
1,5/19/2020,H09
1,5/20/2020,H09
1,5/21/2020,H09
,5/22/2020,H09
,5/23/2020,H09
,5/24/2020,H09
,5/25/2020,H09
,5/26/2020,H09
1,5/27/2020,H09
,5/28/2020,H09
1,5/29/2020,H09
,5/30/2020,H09
,5/31/2020,H09
,6/1/2020,H09
,6/2/2020,H09
1,6/3/2020,H09
,6/4/2020,H09
4,5/14/2020,H49
1,5/15/2020,H49
2,5/16/2020,H49
1,5/17/2020,H49
,5/18/2020,H49
2,5/19/2020,H49
1,5/20/2020,H49
1,5/21/2020,H49
,4/30/2020,H10
,5/1/2020,H10
,5/2/2020,H10
,5/3/2020,H10
,5/4/2020,H10
,5/5/2020,H10
,5/6/2020,H10
,5/7/2020,H10
,5/8/2020,H10
,5/9/2020,H10
,5/10/2020,H10
,5/11/2020,H10
,5/12/2020,H10
,5/13/2020,H10
1,5/14/2020,H10
2,5/15/2020,H10
1,5/16/2020,H10
1,5/17/2020,H10
1,5/18/2020,H10
2,5/19/2020,H10
1,5/20/2020,H10
,5/21/2020,H10
4,5/22/2020,H10
,5/23/2020,H10
,5/24/2020,H10
,5/25/2020,H10
,5/26/2020,H10
1,5/27/2020,H10
,5/28/2020,H10
,5/29/2020,H10
1,5/30/2020,H10
,5/31/2020,H10
1,6/1/2020,H10
,6/2/2020,H10
,6/3/2020,H10
,6/4/2020,H10
1,4/30/2020,H20
,5/1/2020,H20
2,5/2/2020,H20
1,5/3/2020,H20
1,5/4/2020,H20
,5/5/2020,H20
,5/6/2020,H20
2,5/7/2020,H20
2,5/8/2020,H20
3,5/9/2020,H20
1,5/10/2020,H20
,5/11/2020,H20
7,5/12/2020,H20
2,5/13/2020,H20
3,5/14/2020,H20
5,5/15/2020,H20
,5/16/2020,H20
,5/17/2020,H20
,5/18/2020,H20
,5/19/2020,H20
1,5/20/2020,H20
2,5/21/2020,H20
1,5/22/2020,H20
1,5/23/2020,H20
2,5/24/2020,H20
,5/25/2020,H20
,5/26/2020,H20
1,5/27/2020,H20
,5/28/2020,H20
1,5/29/2020,H20
2,5/30/2020,H20
1,5/31/2020,H20
,6/1/2020,H20
,6/2/2020,H20
1,6/3/2020,H20
1,6/4/2020,H20
,4/30/2020,H50
,5/1/2020,H50
2,5/2/2020,H50
2,5/3/2020,H50
1,5/4/2020,H50
,5/5/2020,H50
,5/6/2020,H50
,5/7/2020,H50
,5/8/2020,H50
3,5/9/2020,H50
,5/10/2020,H50
,5/11/2020,H50
,5/12/2020,H50
,6/5/2020,H47
,6/6/2020,H47
,6/7/2020,H47
,6/8/2020,H47
,6/9/2020,H47
,6/10/2020,H47
,6/11/2020,H47
,6/12/2020,H47
,6/13/2020,H47
,6/14/2020,H47
,6/15/2020,H47
,6/16/2020,H47
,6/17/2020,H47
,6/18/2020,H47
,6/19/2020,H47
,6/20/2020,H47
,6/21/2020,H47
,6/22/2020,H47
1,6/5/2020,H49
,6/6/2020,H49
,6/7/2020,H49
,6/8/2020,H49
,6/9/2020,H49
,6/10/2020,H49
1,6/11/2020,H49
,6/12/2020,H49
,6/13/2020,H49
,6/14/2020,H49
,6/15/2020,H49
,6/16/2020,H49
1,6/17/2020,H49
1,6/18/2020,H49
,6/19/2020,H49
1,6/20/2020,H49
,6/21/2020,H49
,6/22/2020,H49
1,6/5/2020,H08
1,6/6/2020,H08
,6/7/2020,H08
,6/8/2020,H08
1,6/9/2020,H08
,6/10/2020,H08
2,6/11/2020,H08
3,6/12/2020,H08
,6/13/2020,H08
2,6/14/2020,H08
2,6/15/2020,H08
1,6/16/2020,H08
,6/17/2020,H08
5,6/18/2020,H08
5,6/19/2020,H08
1,6/20/2020,H08
,6/21/2020,H08
,6/22/2020,H08
1,6/5/2020,H17
,6/6/2020,H17
1,6/7/2020,H17
1,6/8/2020,H17
1,6/9/2020,H17
,6/10/2020,H17
,6/11/2020,H17
,6/12/2020,H17
1,6/13/2020,H17
,6/14/2020,H17
1,6/15/2020,H17
1,6/16/2020,H17
3,6/17/2020,H17
2,6/18/2020,H17
1,6/19/2020,H17
,6/20/2020,H17
,6/21/2020,H17
,6/22/2020,H17
,6/5/2020,H50
,6/6/2020,H50
,6/7/2020,H50
,6/8/2020,H50
1,6/9/2020,H50
,6/10/2020,H50
,6/11/2020,H50
1,6/12/2020,H50
2,6/13/2020,H50
,6/14/2020,H50
,6/15/2020,H50
1,6/16/2020,H50
2,6/17/2020,H50
1,6/18/2020,H50
1,6/19/2020,H50
1,6/20/2020,H50
,6/21/2020,H50
,6/22/2020,H50
1,6/5/2020,H20
2,6/6/2020,H20
2,6/7/2020,H20
1,6/8/2020,H20
1,6/9/2020,H20
1,6/10/2020,H20
,6/11/2020,H20
1,6/12/2020,H20
1,6/13/2020,H20
3,6/14/2020,H20
1,6/15/2020,H20
1,6/16/2020,H20
6,6/17/2020,H20
2,6/18/2020,H20
5,6/19/2020,H20
,6/20/2020,H20
2,6/21/2020,H20
1,6/22/2020,H20
,6/5/2020,H51
,6/6/2020,H51
,6/7/2020,H51
,6/8/2020,H51
,6/9/2020,H51
,6/10/2020,H51
,6/11/2020,H51
,6/12/2020,H51
,6/13/2020,H51
1,6/14/2020,H51
,6/15/2020,H51
,6/16/2020,H51
,6/17/2020,H51
1,6/18/2020,H51
1,6/19/2020,H51
,6/20/2020,H51
,6/21/2020,H51
,6/22/2020,H51
,6/5/2020,H10
1,6/6/2020,H10
1,6/7/2020,H10
,6/8/2020,H10
,6/9/2020,H10
,6/10/2020,H10
,6/11/2020,H10
1,6/12/2020,H10
1,6/13/2020,H10
5,6/14/2020,H10
,6/15/2020,H10
1,6/16/2020,H10
1,6/17/2020,H10
3,6/18/2020,H10
1,6/19/2020,H10
,6/20/2020,H10
1,6/21/2020,H10
,6/22/2020,H10
,6/5/2020,H06
,6/6/2020,H06
,6/7/2020,H06
,6/8/2020,H06
,6/9/2020,H06
,6/10/2020,H06
,6/11/2020,H06
,6/12/2020,H06
,6/13/2020,H06
,6/14/2020,H06
,6/15/2020,H06
,6/16/2020,H06
1,6/17/2020,H06
,6/18/2020,H06
,6/19/2020,H06
3,6/20/2020,H06
,6/21/2020,H06
,6/22/2020,H06
1,6/5/2020,H07
1,6/6/2020,H07
,6/7/2020,H07
1,6/8/2020,H07
1,6/9/2020,H07
,6/10/2020,H07
,6/11/2020,H07
1,6/12/2020,H07
1,6/13/2020,H07
,6/14/2020,H07
1,6/15/2020,H07
,6/16/2020,H07
1,6/17/2020,H07
1,6/18/2020,H07
,6/19/2020,H07
,6/20/2020,H07
2,6/21/2020,H07
,6/22/2020,H07
,6/5/2020,H15
1,6/6/2020,H15
,6/7/2020,H15
1,6/8/2020,H15
1,6/9/2020,H15
2,6/10/2020,H15
5,6/11/2020,H15
,6/12/2020,H15
2,6/13/2020,H15
2,6/14/2020,H15
1,6/15/2020,H15
,6/16/2020,H15
,6/17/2020,H15
1,6/18/2020,H15
4,6/19/2020,H15
3,6/20/2020,H15
2,6/21/2020,H15
,6/22/2020,H15
,6/5/2020,H29
1,6/6/2020,H29
1,6/7/2020,H29
,6/8/2020,H29
,6/9/2020,H29
,6/10/2020,H29
,6/11/2020,H29
1,6/12/2020,H29
1,6/13/2020,H29
5,6/14/2020,H29
,6/15/2020,H29
1,6/16/2020,H29
1,6/17/2020,H29
3,6/18/2020,H29
1,6/19/2020,H29
,6/20/2020,H29
1,6/21/2020,H29
,6/22/2020,H29
0,6/8/2020,H05
10,6/11/2020,H01
0,6/9/2020,H11
0,6/9/2020,H34
0,6/9/2020,H18
0,6/9/2020,H32
0,6/9/2020,H35
0,6/9/2020,H41
0,6/9/2020,H39
0,6/9/2020,H43
0,6/9/2020,H38
8,6/10/2020,H01
7,6/9/2020,H01
3,6/10/2020,H05
0,6/11/2020,H05
4,6/14/2020,H05
1,6/15/2020,H05
5,6/17/2020,H05
0,6/17/2020,H44
0,6/17/2020,H11
0,6/17/2020,H34
0,6/17/2020,H18
0,6/17/2020,H23
0,6/17/2020,H32
0,6/17/2020,H35
0,6/17/2020,H41
0,6/17/2020,H39
0,6/17/2020,H43
0,6/17/2020,H38
0,6/17/2020,H02
2,6/14/2020,H03
3,6/15/2020,H03
2,6/16/2020,H03
2,6/17/2020,H03
5,6/18/2020,H03
7,6/19/2020,H03
3,6/20/2020,H03
3,6/21/2020,H03
,6/22/2020,H03
0,6/15/2020,H44
0,6/15/2020,H11
0,6/15/2020,H34
0,6/15/2020,H18
0,6/15/2020,H23
0,6/15/2020,H32
0,6/15/2020,H35
0,6/15/2020,H41
0,6/15/2020,H39
0,6/15/2020,H43
0,6/15/2020,H38
0,6/15/2020,H02
16,6/16/2020,H01
0,6/16/2020,H44
0,6/16/2020,H11
0,6/16/2020,H34
0,6/16/2020,H18
0,6/16/2020,H23
6,6/15/2020,H01
3,6/16/2020,H05
0,6/16/2020,H32
0,6/16/2020,H35
0,6/16/2020,H41
0,6/16/2020,H39
0,6/16/2020,H43
0,6/16/2020,H38
0,6/16/2020,H02
18,6/17/2020,H01
23,6/18/2020,H01
5,6/19/2020,H05
2,6/20/2020,H05
20,6/20/2020,H01
11,6/21/2020,H01
6,6/18/2020,H05
0,6/18/2020,H44
0,6/18/2020,H11
0,6/18/2020,H34
0,6/18/2020,H18
0,6/18/2020,H23
0,6/18/2020,H32
0,6/18/2020,H35
0,6/18/2020,H41
0,6/18/2020,H39
0,6/18/2020,H43
0,6/18/2020,H38
0,6/18/2020,H02
18,6/19/2020,H01
4,6/21/2020,H05
,5/13/2020,H50
,5/14/2020,H50
,5/15/2020,H50
,5/16/2020,H50
,5/17/2020,H50
,5/18/2020,H50
,5/19/2020,H50
1,5/20/2020,H50
,5/21/2020,H50
,5/22/2020,H50
2,5/23/2020,H50
,5/24/2020,H50
,5/25/2020,H50
,5/26/2020,H50
,5/27/2020,H50
,5/28/2020,H50
,5/29/2020,H50
,5/30/2020,H50
,5/31/2020,H50
,6/1/2020,H50
,6/2/2020,H50
,6/3/2020,H50
,6/4/2020,H50
,4/30/2020,H51
,5/1/2020,H51
,5/2/2020,H51
,5/3/2020,H51
,5/4/2020,H51
,5/5/2020,H51
,5/6/2020,H51
,5/7/2020,H51
,5/8/2020,H51
,5/9/2020,H51
,5/10/2020,H51
,5/11/2020,H51
,5/12/2020,H51
,5/13/2020,H51
,5/14/2020,H51
,5/15/2020,H51
,5/16/2020,H51
1,5/17/2020,H51
,5/18/2020,H51
,5/19/2020,H51
,5/20/2020,H51
,5/21/2020,H51
,5/22/2020,H51
,5/23/2020,H51
,5/24/2020,H51
,5/25/2020,H51
,5/26/2020,H51
,5/27/2020,H51
,5/28/2020,H51
,5/29/2020,H51
,5/30/2020,H51
1,5/31/2020,H51
1,6/1/2020,H51
,6/2/2020,H51
,6/3/2020,H51
,6/4/2020,H51
,4/30/2020,H07
,5/1/2020,H07
,5/2/2020,H07
,5/3/2020,H07
,5/4/2020,H07
,5/5/2020,H07
1,5/6/2020,H07
,5/7/2020,H07
,5/8/2020,H07
2,5/9/2020,H07
,5/10/2020,H07
,5/11/2020,H07
,5/12/2020,H07
,5/13/2020,H07
,5/14/2020,H07
1,5/15/2020,H07
1,5/16/2020,H07
,5/17/2020,H07
,5/18/2020,H07
,5/19/2020,H07
1,5/20/2020,H07
1,5/21/2020,H07
1,5/22/2020,H07
1,5/23/2020,H07
2,5/24/2020,H07
,5/25/2020,H07
,5/26/2020,H07
1,5/27/2020,H07
,5/28/2020,H07
,5/29/2020,H07
,5/30/2020,H07
,5/31/2020,H07
,6/1/2020,H07
1,6/2/2020,H07
,6/3/2020,H07
,6/4/2020,H07
,4/30/2020,H06
,5/1/2020,H06
,5/2/2020,H06
,5/3/2020,H06
,5/4/2020,H06
,5/5/2020,H06
,5/6/2020,H06
,5/7/2020,H06
,5/8/2020,H06
,5/9/2020,H06
,5/10/2020,H06
,5/11/2020,H06
,5/12/2020,H06
,5/13/2020,H06
,5/14/2020,H06
,5/15/2020,H06
,5/16/2020,H06
,5/17/2020,H06
,5/18/2020,H06
,5/19/2020,H06
,5/20/2020,H06
,5/21/2020,H06
,5/22/2020,H06
,5/23/2020,H06
,5/24/2020,H06
,5/25/2020,H06
,5/26/2020,H06
,5/27/2020,H06
,5/28/2020,H06
,5/29/2020,H06
,5/30/2020,H06
,5/31/2020,H06
,6/1/2020,H06
1,6/2/2020,H06
,6/3/2020,H06
,6/4/2020,H06
,4/30/2020,H15
,5/1/2020,H15
1,5/2/2020,H15
,5/3/2020,H15
,5/4/2020,H15
,5/5/2020,H15
,5/6/2020,H15
,5/7/2020,H15
,5/8/2020,H15
,5/9/2020,H15
,5/10/2020,H15
2,5/11/2020,H15
,5/12/2020,H15
9,5/13/2020,H15
1,5/14/2020,H15
6,5/15/2020,H15
4,5/16/2020,H15
,5/17/2020,H15
,5/18/2020,H15
1,5/19/2020,H15
,5/20/2020,H15
1,5/21/2020,H15
,5/22/2020,H15
1,5/23/2020,H15
,5/24/2020,H15
2,5/25/2020,H15
2,5/26/2020,H15
1,5/27/2020,H15
1,5/28/2020,H15
,5/29/2020,H15
,5/30/2020,H15
,5/31/2020,H15
,6/1/2020,H15
,6/2/2020,H15
1,6/3/2020,H15
,6/4/2020,H15
,4/30/2020,H29
,5/1/2020,H29
,5/2/2020,H29
,5/3/2020,H29
,5/4/2020,H29
,5/5/2020,H29
,5/6/2020,H29
,5/7/2020,H29
,5/8/2020,H29
,5/9/2020,H29
,5/10/2020,H29
,5/11/2020,H29
,5/12/2020,H29
,5/13/2020,H29
1,5/14/2020,H29
2,5/15/2020,H29
1,5/16/2020,H29
1,5/17/2020,H29
1,5/18/2020,H29
2,5/19/2020,H29
1,5/20/2020,H29
,5/21/2020,H29
4,5/22/2020,H29
,5/23/2020,H29
,5/24/2020,H29
,5/25/2020,H29
,5/26/2020,H29
1,5/27/2020,H29
,5/28/2020,H29
,5/29/2020,H29
1,5/30/2020,H29
,5/31/2020,H29
1,6/1/2020,H29
,6/2/2020,H29
,6/3/2020,H29
,6/4/2020,H29
5,4/30/2020,H05
0,5/3/2020,H05
0,5/1/2020,H04
0,5/2/2020,H04
0,5/3/2020,H04
0,5/4/2020,H04
0,5/5/2020,H04
0,5/6/2020,H04
0,5/7/2020,H04
0,5/8/2020,H04
0,5/9/2020,H04
0,5/10/2020,H04
0,5/11/2020,H04
0,5/12/2020,H04
0,5/13/2020,H04
0,5/14/2020,H04
0,5/15/2020,H04
0,5/16/2020,H04
0,5/17/2020,H04
0,5/18/2020,H04
0,5/19/2020,H04
0,5/20/2020,H04
0,5/21/2020,H04
0,5/22/2020,H04
0,5/23/2020,H04
0,5/24/2020,H04
0,5/25/2020,H04
0,5/26/2020,H04
0,5/27/2020,H04
0,5/28/2020,H04
0,5/29/2020,H04
0,5/30/2020,H04
0,5/31/2020,H04
0,5/1/2020,H05
0,5/1/2020,H11
0,5/2/2020,H11
0,5/3/2020,H11
0,5/4/2020,H11
0,5/5/2020,H11
0,5/6/2020,H11
0,5/7/2020,H11
0,5/8/2020,H11
0,5/1/2020,H13
0,5/2/2020,H13
1,5/3/2020,H13
0,5/4/2020,H13
0,5/5/2020,H13
0,5/6/2020,H13
1,5/7/2020,H13
4,5/8/2020,H13
0,5/9/2020,H13
0,5/10/2020,H13
0,5/11/2020,H13
1,5/12/2020,H13
0,5/13/2020,H13
0,5/14/2020,H13
0,5/15/2020,H13
0,5/16/2020,H13
2,5/17/2020,H13
0,5/18/2020,H13
1,5/19/2020,H13
0,5/20/2020,H13
0,5/21/2020,H13
0,5/22/2020,H13
0,5/23/2020,H13
1,5/24/2020,H13
0,5/25/2020,H13
0,5/26/2020,H13
0,5/27/2020,H13
0,5/28/2020,H13
0,5/29/2020,H13
2,5/30/2020,H13
0,5/31/2020,H13
0,5/1/2020,H16
1,5/2/2020,H16
0,5/3/2020,H16
0,5/4/2020,H16
0,5/5/2020,H16
0,5/6/2020,H16
0,5/7/2020,H16
0,5/8/2020,H16
0,5/9/2020,H16
0,5/10/2020,H16
0,5/11/2020,H16
0,5/12/2020,H16
1,5/13/2020,H16
0,5/14/2020,H16
0,5/15/2020,H16
0,5/16/2020,H16
0,5/17/2020,H16
0,5/18/2020,H16
1,5/19/2020,H16
0,5/20/2020,H16
0,5/21/2020,H16
1,5/22/2020,H16
0,5/23/2020,H16
0,5/24/2020,H16
0,5/25/2020,H16
0,5/26/2020,H16
0,5/27/2020,H16
0,5/28/2020,H16
0,5/29/2020,H16
0,5/30/2020,H16
0,5/31/2020,H16
0,5/1/2020,H18
0,5/2/2020,H18
0,5/3/2020,H18
0,5/4/2020,H18
0,5/5/2020,H18
0,5/6/2020,H18
0,5/7/2020,H18
0,5/8/2020,H18
0,5/9/2020,H18
0,5/10/2020,H18
0,5/11/2020,H18
0,5/12/2020,H18
0,5/13/2020,H18
0,5/14/2020,H18
0,5/15/2020,H18
0,5/16/2020,H18
0,5/17/2020,H18
0,5/18/2020,H18
0,5/19/2020,H18
0,5/20/2020,H18
0,5/21/2020,H18
0,5/22/2020,H18
0,5/23/2020,H18
0,5/24/2020,H18
0,5/25/2020,H18
0,5/26/2020,H18
0,5/27/2020,H18
0,5/28/2020,H18
0,5/29/2020,H18
0,5/30/2020,H18
0,5/1/2020,H19
0,5/2/2020,H19
0,5/3/2020,H19
0,5/4/2020,H19
0,5/5/2020,H19
0,5/6/2020,H19
0,5/7/2020,H19
0,5/8/2020,H19
0,5/9/2020,H19
1,5/10/2020,H19
0,5/11/2020,H19
0,5/12/2020,H19
1,5/13/2020,H19
0,5/14/2020,H19
0,5/15/2020,H19
0,5/16/2020,H19
0,5/17/2020,H19
0,5/18/2020,H19
0,5/19/2020,H19
0,5/20/2020,H19
0,5/21/2020,H19
0,5/22/2020,H19
0,5/23/2020,H19
0,5/24/2020,H19
0,5/25/2020,H19
0,5/26/2020,H19
0,5/27/2020,H19
0,5/28/2020,H19
0,5/29/2020,H19
0,5/30/2020,H19
0,5/31/2020,H19
0,5/1/2020,H21
0,5/2/2020,H21
0,5/3/2020,H21
0,5/4/2020,H21
0,5/5/2020,H21
0,5/6/2020,H21
0,5/7/2020,H21
0,5/8/2020,H21
0,5/9/2020,H21
0,5/10/2020,H21
0,5/11/2020,H21
0,5/12/2020,H21
0,5/13/2020,H21
0,5/14/2020,H21
0,5/15/2020,H21
0,5/16/2020,H21
0,5/17/2020,H21
0,5/18/2020,H21
0,5/19/2020,H21
0,5/20/2020,H21
0,5/21/2020,H21
0,5/22/2020,H21
0,5/23/2020,H21
0,5/24/2020,H21
0,5/25/2020,H21
0,5/26/2020,H21
0,5/27/2020,H21
0,5/28/2020,H21
0,5/29/2020,H21
0,5/30/2020,H21
0,5/31/2020,H21
0,5/1/2020,H23
0,5/2/2020,H23
0,5/3/2020,H23
0,5/4/2020,H23
0,5/5/2020,H23
0,5/6/2020,H23
0,5/7/2020,H23
0,5/8/2020,H23
0,5/9/2020,H23
0,5/10/2020,H23
0,5/11/2020,H23
0,5/12/2020,H23
0,5/13/2020,H23
0,5/14/2020,H23
0,5/15/2020,H23
0,5/16/2020,H23
0,5/17/2020,H23
0,5/18/2020,H23
0,5/19/2020,H23
0,5/20/2020,H23
0,5/21/2020,H23
0,5/22/2020,H23
0,5/23/2020,H23
0,5/24/2020,H23
0,5/25/2020,H23
0,5/26/2020,H23
0,5/27/2020,H23
0,5/28/2020,H23
0,5/29/2020,H23
0,5/30/2020,H23
0,5/31/2020,H23
0,6/1/2020,H23
0,6/2/2020,H23
0,6/3/2020,H23
0,6/4/2020,H23
0,6/5/2020,H23
0,6/6/2020,H23
0,6/7/2020,H23
0,6/8/2020,H23
0,6/9/2020,H23
0,6/10/2020,H23
0,6/11/2020,H23
0,6/12/2020,H23
0,6/13/2020,H23
6,5/1/2020,H24
2,5/2/2020,H24
6,5/3/2020,H24
5,5/4/2020,H24
2,5/5/2020,H24
1,5/6/2020,H24
1,5/7/2020,H24
0,5/8/2020,H24
0,5/9/2020,H24
3,5/10/2020,H24
1,5/11/2020,H24
1,5/12/2020,H24
0,5/13/2020,H24
3,5/14/2020,H24
3,5/15/2020,H24
0,5/16/2020,H24
3,5/17/2020,H24
0,5/18/2020,H24
2,5/19/2020,H24
1,5/20/2020,H24
0,5/21/2020,H24
5,5/22/2020,H24
1,5/23/2020,H24
2,5/24/2020,H24
1,5/25/2020,H24
1,5/26/2020,H24
5,5/27/2020,H24
3,5/28/2020,H24
4,5/29/2020,H24
3,5/30/2020,H24
0,5/31/2020,H24
0,5/1/2020,H25
0,5/2/2020,H25
0,5/3/2020,H25
0,5/4/2020,H25
0,5/5/2020,H25
0,5/6/2020,H25
0,5/7/2020,H25
0,5/8/2020,H25
0,5/9/2020,H25
0,5/10/2020,H25
0,5/11/2020,H25
0,5/12/2020,H25
1,5/13/2020,H25
3,5/14/2020,H25
0,5/15/2020,H25
0,5/16/2020,H25
0,5/17/2020,H25
0,5/18/2020,H25
0,5/19/2020,H25
0,5/20/2020,H25
0,5/21/2020,H25
0,5/22/2020,H25
0,5/23/2020,H25
0,5/24/2020,H25
0,5/25/2020,H25
0,5/26/2020,H25
0,5/27/2020,H25
0,5/28/2020,H25
0,5/29/2020,H25
0,5/30/2020,H25
0,5/31/2020,H25
1,5/1/2020,H27
0,5/2/2020,H27
0,5/3/2020,H27
1,5/4/2020,H27
0,5/5/2020,H27
0,5/6/2020,H27
0,5/7/2020,H27
0,5/8/2020,H27
0,5/9/2020,H27
0,5/10/2020,H27
0,5/11/2020,H27
0,5/12/2020,H27
0,5/13/2020,H27
1,5/14/2020,H27
0,5/15/2020,H27
0,5/16/2020,H27
1,5/17/2020,H27
0,5/18/2020,H27
0,5/19/2020,H27
0,5/20/2020,H27
0,5/21/2020,H27
0,5/22/2020,H27
0,5/23/2020,H27
0,5/24/2020,H27
0,5/25/2020,H27
0,5/26/2020,H27
0,5/27/2020,H27
0,5/28/2020,H27
0,5/29/2020,H27
0,5/30/2020,H27
0,5/31/2020,H27
0,5/1/2020,H32
0,5/2/2020,H32
0,5/3/2020,H32
0,5/4/2020,H32
0,5/5/2020,H32
0,5/6/2020,H32
0,5/7/2020,H32
0,5/8/2020,H32
0,5/9/2020,H32
0,5/10/2020,H32
0,5/11/2020,H32
0,5/12/2020,H32
0,5/13/2020,H32
0,5/14/2020,H32
0,5/15/2020,H32
0,5/16/2020,H32
0,5/17/2020,H32
0,5/18/2020,H32
0,5/19/2020,H32
0,5/20/2020,H32
0,5/21/2020,H32
0,5/22/2020,H32
0,5/23/2020,H32
0,5/1/2020,H34
0,5/2/2020,H34
0,5/3/2020,H34
0,5/4/2020,H34
0,5/5/2020,H34
0,5/6/2020,H34
0,5/7/2020,H34
0,5/8/2020,H34
0,5/9/2020,H34
0,5/10/2020,H34
0,5/11/2020,H34
0,5/12/2020,H34
0,5/13/2020,H34
0,5/14/2020,H34
0,5/15/2020,H34
0,5/16/2020,H34
0,5/17/2020,H34
0,5/18/2020,H34
0,5/19/2020,H34
0,5/20/2020,H34
0,5/21/2020,H34
0,5/22/2020,H34
0,5/23/2020,H34
0,5/24/2020,H34
0,5/25/2020,H34
0,5/26/2020,H34
0,5/27/2020,H34
0,5/28/2020,H34
0,5/29/2020,H34
0,5/30/2020,H34
0,5/1/2020,H35
0,5/2/2020,H35
0,5/3/2020,H35
0,5/4/2020,H35
0,5/5/2020,H35
0,5/6/2020,H35
0,5/7/2020,H35
0,5/8/2020,H35
0,5/9/2020,H35
0,5/10/2020,H35
0,5/11/2020,H35
0,5/12/2020,H35
0,5/13/2020,H35
0,5/14/2020,H35
0,5/15/2020,H35
0,5/16/2020,H35
0,5/17/2020,H35
0,5/18/2020,H35
0,5/19/2020,H35
0,5/20/2020,H35
0,5/21/2020,H35
0,5/22/2020,H35
0,5/23/2020,H35
0,5/24/2020,H35
0,5/25/2020,H35
0,5/26/2020,H35
0,5/27/2020,H35
0,5/28/2020,H35
0,5/29/2020,H35
0,5/30/2020,H35
0,5/31/2020,H35
0,6/1/2020,H35
0,6/2/2020,H35
0,6/3/2020,H35
0,6/4/2020,H35
0,6/5/2020,H35
0,6/6/2020,H35
0,5/1/2020,H52
0,5/2/2020,H52
0,5/3/2020,H52
0,5/4/2020,H52
0,5/5/2020,H52
0,5/6/2020,H52
0,5/7/2020,H52
0,5/8/2020,H52
0,5/9/2020,H52
0,5/10/2020,H52
0,5/11/2020,H52
0,5/12/2020,H52
0,5/13/2020,H52
0,5/14/2020,H52
0,5/15/2020,H52
0,5/16/2020,H52
0,5/17/2020,H52
0,5/18/2020,H52
0,5/19/2020,H52
0,5/20/2020,H52
0,5/21/2020,H52
0,5/22/2020,H52
0,5/23/2020,H52
0,5/24/2020,H52
0,5/25/2020,H52
0,5/26/2020,H52
0,5/27/2020,H52
0,5/28/2020,H52
0,5/29/2020,H52
0,5/30/2020,H52
0,5/31/2020,H52
0,6/1/2020,H52
0,6/2/2020,H52
0,6/3/2020,H52
0,6/4/2020,H52
0,6/5/2020,H52
0,6/6/2020,H52
0,6/7/2020,H52
0,6/8/2020,H52
0,6/9/2020,H52
0,6/10/2020,H52
0,6/11/2020,H52
0,6/12/2020,H52
0,6/13/2020,H52
0,6/14/2020,H52
0,6/15/2020,H52
0,6/16/2020,H52
0,6/17/2020,H52
0,6/18/2020,H52
0,6/19/2020,H52
0,6/20/2020,H52
0,6/21/2020,H52
,6/22/2020,H52
0,5/1/2020,H02
0,5/2/2020,H02
0,5/3/2020,H02
0,5/4/2020,H02
0,5/5/2020,H02
0,5/6/2020,H02
0,5/7/2020,H02
0,5/8/2020,H02
0,5/9/2020,H02
0,5/10/2020,H02
0,5/11/2020,H02
0,5/12/2020,H02
0,5/13/2020,H02
0,5/14/2020,H02
0,5/15/2020,H02
0,5/16/2020,H02
0,5/17/2020,H02
0,5/18/2020,H02
0,5/19/2020,H02
0,5/20/2020,H02
0,5/21/2020,H02
0,5/22/2020,H02
0,5/23/2020,H02
0,5/24/2020,H02
0,5/25/2020,H02
0,5/26/2020,H02
0,5/27/2020,H02
0,5/28/2020,H02
0,5/29/2020,H02
0,5/30/2020,H02
0,5/31/2020,H02
0,6/1/2020,H02
0,6/2/2020,H02
0,6/3/2020,H02
0,6/4/2020,H02
0,6/5/2020,H02
0,6/6/2020,H02
0,6/7/2020,H02
0,6/8/2020,H02
0,6/9/2020,H02
0,6/10/2020,H02
0,6/11/2020,H02
0,5/1/2020,H41
0,5/2/2020,H41
0,5/3/2020,H41
0,5/4/2020,H41
0,5/5/2020,H41
0,5/6/2020,H41
0,5/7/2020,H41
0,5/8/2020,H41
0,5/9/2020,H41
0,5/10/2020,H41
0,5/11/2020,H41
0,5/12/2020,H41
0,5/13/2020,H41
0,5/14/2020,H41
0,5/15/2020,H41
0,5/16/2020,H41
0,5/17/2020,H41
0,5/18/2020,H41
0,5/19/2020,H41
0,5/20/2020,H41
0,5/21/2020,H41
0,5/22/2020,H41
0,5/23/2020,H41
0,5/24/2020,H41
0,5/25/2020,H41
0,5/26/2020,H41
0,5/27/2020,H41
0,5/28/2020,H41
0,5/1/2020,H48
0,5/2/2020,H48
0,5/3/2020,H48
0,5/4/2020,H48
0,5/5/2020,H48
0,5/6/2020,H48
0,5/7/2020,H48
0,5/8/2020,H48
0,5/9/2020,H48
0,5/10/2020,H48
0,5/11/2020,H48
0,5/12/2020,H48
0,5/13/2020,H48
0,5/14/2020,H48
0,5/15/2020,H48
0,5/16/2020,H48
0,5/17/2020,H48
0,5/18/2020,H48
0,5/19/2020,H48
0,5/20/2020,H48
0,5/21/2020,H48
0,5/22/2020,H48
0,5/23/2020,H48
0,5/24/2020,H48
0,5/25/2020,H48
0,5/26/2020,H48
0,5/27/2020,H48
0,5/28/2020,H48
0,5/29/2020,H48
0,5/30/2020,H48
0,5/31/2020,H48
0,5/1/2020,H42
0,5/2/2020,H42
0,5/3/2020,H42
0,5/4/2020,H42
0,5/5/2020,H42
0,5/6/2020,H42
0,5/7/2020,H42
0,5/8/2020,H42
0,5/9/2020,H42
0,5/10/2020,H42
0,5/11/2020,H42
0,5/12/2020,H42
0,5/13/2020,H42
0,5/14/2020,H42
0,5/15/2020,H42
0,5/16/2020,H42
0,5/17/2020,H42
0,5/18/2020,H42
0,5/19/2020,H42
0,5/20/2020,H42
0,5/21/2020,H42
0,5/22/2020,H42
0,5/23/2020,H42
0,5/24/2020,H42
0,5/25/2020,H42
0,5/26/2020,H42
0,5/27/2020,H42
0,5/28/2020,H42
0,5/29/2020,H42
0,5/30/2020,H42
0,5/31/2020,H42
0,5/1/2020,H43
0,5/2/2020,H43
0,5/3/2020,H43
0,5/4/2020,H43
0,5/5/2020,H43
0,5/6/2020,H43
0,5/7/2020,H43
0,5/8/2020,H43
0,5/9/2020,H43
0,5/10/2020,H43
0,5/11/2020,H43
0,5/12/2020,H43
0,5/13/2020,H43
0,5/14/2020,H43
0,5/15/2020,H43
0,5/16/2020,H43
0,5/17/2020,H43
0,5/18/2020,H43
0,5/19/2020,H43
0,5/20/2020,H43
0,5/21/2020,H43
0,5/22/2020,H43
0,5/1/2020,H38
0,5/2/2020,H38
0,5/3/2020,H38
0,5/4/2020,H38
0,5/5/2020,H38
0,5/6/2020,H38
0,5/7/2020,H38
0,5/8/2020,H38
0,5/9/2020,H38
0,5/10/2020,H38
0,5/11/2020,H38
0,5/12/2020,H38
0,5/13/2020,H38
0,5/14/2020,H38
0,5/15/2020,H38
0,5/16/2020,H38
0,5/17/2020,H38
0,5/18/2020,H38
0,5/1/2020,H44
0,5/2/2020,H44
0,5/3/2020,H44
0,5/4/2020,H44
0,5/5/2020,H44
0,5/6/2020,H44
0,5/7/2020,H44
0,5/8/2020,H44
0,5/9/2020,H44
0,5/1/2020,H45
0,5/2/2020,H45
0,5/3/2020,H45
0,5/4/2020,H45
0,5/5/2020,H45
0,5/6/2020,H45
0,5/7/2020,H45
0,5/8/2020,H45
0,5/9/2020,H45
0,5/10/2020,H45
0,5/11/2020,H45
0,5/12/2020,H45
0,5/13/2020,H45
0,5/14/2020,H45
0,5/15/2020,H45
0,5/16/2020,H45
0,5/17/2020,H45
0,5/18/2020,H45
0,5/19/2020,H45
0,5/20/2020,H45
0,5/21/2020,H45
0,5/22/2020,H45
0,5/23/2020,H45
0,5/24/2020,H45
0,5/25/2020,H45
0,5/26/2020,H45
0,5/27/2020,H45
0,5/28/2020,H45
0,5/29/2020,H45
0,5/30/2020,H45
0,5/31/2020,H45
0,6/1/2020,H45
0,6/2/2020,H45
0,6/3/2020,H45
0,6/4/2020,H45
0,6/5/2020,H45
0,6/6/2020,H45
0,6/7/2020,H45
0,6/8/2020,H45
0,6/9/2020,H45
0,6/10/2020,H45
0,6/11/2020,H45
0,6/12/2020,H45
0,6/13/2020,H45
0,6/14/2020,H45
0,6/15/2020,H45
0,6/16/2020,H45
0,6/17/2020,H45
0,6/18/2020,H45
0,6/19/2020,H45
0,6/20/2020,H45
0,6/21/2020,H45
,6/22/2020,H45
0,5/1/2020,H39
0,5/2/2020,H39
0,5/3/2020,H39
0,5/4/2020,H39
0,5/5/2020,H39
0,5/6/2020,H39
0,5/7/2020,H39
0,5/8/2020,H39
0,5/9/2020,H39
0,5/10/2020,H39
0,5/11/2020,H39
0,5/12/2020,H39
0,5/13/2020,H39
0,5/14/2020,H39
0,5/15/2020,H39
0,5/16/2020,H39
0,5/17/2020,H39
0,5/18/2020,H39
0,5/19/2020,H39
0,5/20/2020,H39
0,5/21/2020,H39
0,5/22/2020,H39
0,5/23/2020,H39
0,5/24/2020,H39
3,5/1/2020,H53
1,5/2/2020,H53
0,5/3/2020,H53
0,5/4/2020,H53
1,5/5/2020,H53
0,5/6/2020,H53
0,5/7/2020,H53
0,5/8/2020,H53
0,5/9/2020,H53
1,5/10/2020,H53
0,5/11/2020,H53
2,5/12/2020,H53
0,5/13/2020,H53
1,5/14/2020,H53
0,5/15/2020,H53
0,5/16/2020,H53
0,5/17/2020,H53
0,5/18/2020,H53
0,5/19/2020,H53
0,5/20/2020,H53
0,5/21/2020,H53
0,5/22/2020,H53
0,5/23/2020,H53
0,5/24/2020,H53
0,5/25/2020,H53
0,5/26/2020,H53
0,5/27/2020,H53
0,5/28/2020,H53
0,5/29/2020,H53
0,5/30/2020,H53
0,5/31/2020,H53
4,5/2/2020,H01
2,5/2/2020,H05
6,5/3/2020,H01
4,5/4/2020,H01
3,5/25/2020,H01
3,5/5/2020,H01
0,5/6/2020,H01
1,5/7/2020,H01
0,5/4/2020,H05
1,5/5/2020,H05
1,5/5/2020,H22
0,5/6/2020,H22
3,5/7/2020,H22
2,5/8/2020,H22
0,5/9/2020,H22
2,5/10/2020,H22
2,5/11/2020,H22
1,5/12/2020,H22
0,5/5/2020,H30
1,5/6/2020,H30
0,5/7/2020,H30
0,5/8/2020,H30
3,5/9/2020,H30
0,5/10/2020,H30
3,5/11/2020,H30
0,5/10/2020,H44
0,5/11/2020,H44
0,5/12/2020,H44
0,5/13/2020,H44
0,5/14/2020,H44
0,5/15/2020,H44
2,5/6/2020,H05
0,5/16/2020,H44
0,5/17/2020,H44
0,5/18/2020,H44
0,5/19/2020,H44
0,5/20/2020,H44
0,5/21/2020,H44
0,5/22/2020,H44
0,5/23/2020,H44
0,5/24/2020,H44
0,5/25/2020,H44
0,5/26/2020,H44
0,5/27/2020,H44
0,5/28/2020,H44
0,5/29/2020,H44
0,5/30/2020,H44
0,5/31/2020,H44
0,6/1/2020,H44
0,6/10/2020,H44
0,6/11/2020,H44
0,6/12/2020,H44
0,6/13/2020,H44
0,6/2/2020,H44
0,6/3/2020,H44
0,6/4/2020,H44
0,6/5/2020,H44
0,6/6/2020,H44
0,6/7/2020,H44
0,6/8/2020,H44
0,6/9/2020,H44
0,5/10/2020,H11
0,5/11/2020,H11
0,5/12/2020,H11
0,5/13/2020,H11
0,5/14/2020,H11
0,5/15/2020,H11
0,5/16/2020,H11
0,5/17/2020,H11
0,5/18/2020,H11
0,5/19/2020,H11
0,5/20/2020,H11
0,5/21/2020,H11
0,5/22/2020,H11
0,5/23/2020,H11
0,5/24/2020,H11
0,5/25/2020,H11
0,5/26/2020,H11
0,5/27/2020,H11
0,5/28/2020,H11
0,5/29/2020,H11
0,5/30/2020,H11
0,5/31/2020,H11
0,5/9/2020,H11
0,6/1/2020,H11
0,6/2/2020,H11
1,5/7/2020,H05
3,5/8/2020,H01
1,5/10/2020,H31
2,5/11/2020,H31
3,5/12/2020,H31
8,5/13/2020,H31
2,5/14/2020,H31
3,5/15/2020,H31
2,5/16/2020,H31
3,5/17/2020,H31
0,5/18/2020,H31
1,5/19/2020,H31
1,5/20/2020,H31
4,5/21/2020,H31
1,5/22/2020,H31
1,5/23/2020,H31
2,5/24/2020,H31
3,5/25/2020,H31
1,5/26/2020,H31
3,5/27/2020,H31
4,5/28/2020,H31
0,5/29/2020,H31
3,5/30/2020,H31
6,5/31/2020,H31
4,5/8/2020,H31
2,5/9/2020,H31
1,5/10/2020,H03
1,5/11/2020,H03
0,5/12/2020,H03
3,5/13/2020,H03
2,5/14/2020,H03
5,5/15/2020,H03
0,5/8/2020,H05
0,6/3/2020,H11
1,5/10/2020,H05
0,6/3/2020,H34
2,5/9/2020,H01
1,5/9/2020,H05
0,6/1/2020,H04
3,5/10/2020,H01
4,5/12/2020,H01
2,5/11/2020,H01
0,6/2/2020,H04
1,5/12/2020,H30
2,5/13/2020,H30
0,5/14/2020,H30
0,5/15/2020,H30
3,5/16/2020,H30
0,5/17/2020,H30
2,5/18/2020,H30
3,5/19/2020,H30
6,5/20/2020,H30
2,5/21/2020,H30
0,6/3/2020,H04
3,5/12/2020,H05
0,5/11/2020,H05
3,5/13/2020,H22
1,5/14/2020,H22
4,5/15/2020,H22
2,5/16/2020,H22
2,5/17/2020,H22
3,5/18/2020,H22
2,5/19/2020,H22
5,5/20/2020,H22
4,5/21/2020,H22
5,5/22/2020,H22
0,5/13/2020,H01
1,5/14/2020,H01
7,5/16/2020,H01
6,5/13/2020,H05
1,5/14/2020,H05
1,5/15/2020,H01
0,6/4/2020,H04
0,6/5/2020,H04
0,6/6/2020,H04
0,6/7/2020,H04
0,6/8/2020,H04
0,6/9/2020,H04
0,6/10/2020,H04
0,6/11/2020,H04
0,6/12/2020,H04
0,6/13/2020,H04
0,6/14/2020,H04
0,6/15/2020,H04
0,6/16/2020,H04
0,6/17/2020,H04
0,6/18/2020,H04
0,6/19/2020,H04
0,6/20/2020,H04
0,6/21/2020,H04
0,6/22/2020,H04
9,5/15/2020,H05
0,6/1/2020,H42
0,6/2/2020,H42
0,6/3/2020,H42
0,6/4/2020,H42
0,6/5/2020,H42
0,6/6/2020,H42
0,6/7/2020,H42
0,6/8/2020,H42
0,6/9/2020,H42
0,6/10/2020,H42
0,6/11/2020,H42
0,6/12/2020,H42
0,6/13/2020,H42
0,6/14/2020,H42
0,6/15/2020,H42
0,6/16/2020,H42
0,6/17/2020,H42
0,6/18/2020,H42
0,6/19/2020,H42
0,6/20/2020,H42
0,6/21/2020,H42
0,6/22/2020,H42
0,6/1/2020,H16
0,6/2/2020,H16
2,6/3/2020,H16
0,6/4/2020,H16
0,6/5/2020,H16
0,6/6/2020,H16
1,6/7/2020,H16
0,6/8/2020,H16
0,6/9/2020,H16
0,6/10/2020,H16
0,6/11/2020,H16
0,6/12/2020,H16
0,6/13/2020,H16
0,6/14/2020,H16
0,6/15/2020,H16
1,6/16/2020,H16
0,6/17/2020,H16
0,6/18/2020,H16
1,6/19/2020,H16
0,6/20/2020,H16
0,6/21/2020,H16
0,6/22/2020,H16
5,5/26/2020,H01
4,5/31/2020,H01
0,5/31/2020,H34
0,5/31/2020,H18
0,5/29/2020,H32
0,5/30/2020,H32
0,5/31/2020,H32
0,5/29/2020,H41
0,5/30/2020,H41
0,5/31/2020,H41
0,5/29/2020,H39
0,5/30/2020,H39
0,5/31/2020,H39
0,5/29/2020,H43
0,5/30/2020,H43
0,5/31/2020,H43
0,5/29/2020,H38
0,5/30/2020,H38
0,5/31/2020,H38
6,6/4/2020,H01
12,6/12/2020,H01
5,6/6/2020,H05
2,5/22/2020,H05
10,5/27/2020,H05
8,5/29/2020,H05
0,6/1/2020,H34
0,6/1/2020,H18
0,6/1/2020,H32
0,6/1/2020,H41
0,6/1/2020,H39
0,6/1/2020,H43
0,6/1/2020,H38
2,6/5/2020,H30
0,6/6/2020,H30
2,6/7/2020,H30
2,6/8/2020,H30
2,6/9/2020,H30
0,6/10/2020,H30
2,6/11/2020,H30
2,6/12/2020,H30
2,6/13/2020,H30
2,6/3/2020,H03
1,6/4/2020,H03
4,6/5/2020,H03
0,6/6/2020,H03
2,6/7/2020,H03
2,6/8/2020,H03
0,5/23/2020,H01
0,6/1/2020,H25
0,6/2/2020,H25
0,6/3/2020,H25
0,6/4/2020,H25
1,6/5/2020,H25
0,6/6/2020,H25
0,6/7/2020,H25
0,6/8/2020,H25
0,6/9/2020,H25
0,6/10/2020,H25
0,6/11/2020,H25
0,6/12/2020,H25
3,6/13/2020,H25
0,6/14/2020,H25
0,6/15/2020,H25
1,6/16/2020,H25
0,6/17/2020,H25
1,6/18/2020,H25
7,6/19/2020,H25
1,6/20/2020,H25
1,6/21/2020,H25
2,6/22/2020,H25
0,6/1/2020,H53
0,6/2/2020,H53
0,6/3/2020,H53
0,6/4/2020,H53
0,6/5/2020,H53
2,6/6/2020,H53
0,6/7/2020,H53
0,6/8/2020,H53
0,6/9/2020,H53
1,6/10/2020,H53
0,6/11/2020,H53
0,6/12/2020,H53
0,6/13/2020,H53
0,6/14/2020,H53
0,6/15/2020,H53
0,6/16/2020,H53
1,6/17/2020,H53
0,6/18/2020,H53
0,6/19/2020,H53
1,6/20/2020,H53
1,6/21/2020,H53
1,6/22/2020,H53
1,6/1/2020,H19
0,6/2/2020,H19
2,6/3/2020,H19
1,6/4/2020,H19
1,6/5/2020,H19
4,6/6/2020,H19
4,5/21/2020,H01
2,5/22/2020,H01
2,5/23/2020,H05
2,5/29/2020,H01
4,6/2/2020,H05
3,6/12/2020,H05
2,6/5/2020,H05
6,6/14/2020,H01
0,6/13/2020,H05
0,6/14/2020,H44
0,6/12/2020,H11
0,6/13/2020,H11
0,6/14/2020,H11
0,6/12/2020,H34
0,6/13/2020,H34
0,6/14/2020,H34
0,6/12/2020,H18
0,6/13/2020,H18
0,6/14/2020,H18
0,6/14/2020,H23
0,6/12/2020,H32
0,6/13/2020,H32
0,6/14/2020,H32
0,6/12/2020,H35
0,6/13/2020,H35
0,6/14/2020,H35
0,6/12/2020,H41
3,5/28/2020,H01
9,6/2/2020,H01
1,6/11/2020,H14
1,6/12/2020,H14
2,6/13/2020,H14
1,6/14/2020,H14
,6/15/2020,H14
,6/16/2020,H14
,6/17/2020,H14
2,6/18/2020,H14
2,6/19/2020,H14
2,6/20/2020,H14
,6/21/2020,H14
1,6/22/2020,H14
2,5/17/2020,H01
2,5/17/2020,H05
4,6/1/2020,H01
6,6/3/2020,H01
3,6/7/2020,H01
2,6/9/2020,H05
0,6/10/2020,H11
0,6/10/2020,H34
0,6/10/2020,H18
0,6/10/2020,H32
0,6/10/2020,H35
0,6/10/2020,H41
0,6/10/2020,H39
0,6/10/2020,H43
1,6/2/2020,H30
2,6/3/2020,H30
3,6/4/2020,H30
4,5/23/2020,H22
7,5/24/2020,H22
6,5/25/2020,H22
3,5/26/2020,H22
4,5/27/2020,H22
4,5/28/2020,H22
5,5/29/2020,H22
2,5/30/2020,H22
4,5/31/2020,H22
8,6/1/2020,H22
0,6/2/2020,H22
2,6/3/2020,H22
5,6/4/2020,H22
0,6/4/2020,H11
0,6/4/2020,H34
0,6/4/2020,H18
0,6/4/2020,H32
0,6/4/2020,H41
0,6/4/2020,H39
0,6/4/2020,H43
0,6/4/2020,H38
3,6/7/2020,H05
0,6/8/2020,H11
0,6/8/2020,H34
0,6/8/2020,H18
0,6/8/2020,H32
0,6/8/2020,H35
0,6/8/2020,H41
0,6/8/2020,H39
0,6/8/2020,H43
0,6/8/2020,H38
3,5/16/2020,H03
2,5/17/2020,H03
2,5/18/2020,H03
2,5/19/2020,H03
4,5/20/2020,H03
5,5/21/2020,H03
5,5/22/2020,H03
2,5/23/2020,H03
2,5/24/2020,H03
6,5/25/2020,H03
11,5/26/2020,H03
6,5/27/2020,H03
2,5/28/2020,H03
1,5/29/2020,H03
6,5/30/2020,H03
3,5/31/2020,H03
5,6/1/2020,H03
2,6/2/2020,H03
1,6/1/2020,H13
1,6/2/2020,H13
1,6/3/2020,H13
0,6/4/2020,H13
0,6/5/2020,H13
1,6/6/2020,H13
0,6/7/2020,H13
0,6/8/2020,H13
1,6/9/2020,H13
0,6/10/2020,H13
0,6/11/2020,H13
0,6/12/2020,H13
0,6/13/2020,H13
0,6/14/2020,H13
1,6/15/2020,H13
0,6/16/2020,H13
3,6/17/2020,H13
2,6/18/2020,H13
1,6/19/2020,H13
1,6/20/2020,H13
1,6/21/2020,H13
5,6/22/2020,H13
0,6/1/2020,H48
0,6/2/2020,H48
0,6/3/2020,H48
0,6/4/2020,H48
0,6/5/2020,H48
0,6/6/2020,H48
0,6/7/2020,H48
0,6/8/2020,H48
0,6/9/2020,H48
0,6/10/2020,H48
0,6/11/2020,H48
0,6/12/2020,H48
0,6/13/2020,H48
0,6/14/2020,H48
0,6/15/2020,H48
0,6/16/2020,H48
0,6/17/2020,H48
0,6/18/2020,H48
0,6/19/2020,H48
0,6/20/2020,H48
0,6/21/2020,H48
0,6/22/2020,H48
0,6/1/2020,H27
1,6/2/2020,H27
1,6/3/2020,H27
0,6/4/2020,H27
0,6/5/2020,H27
1,6/6/2020,H27
0,6/7/2020,H27
0,6/8/2020,H27
0,6/9/2020,H27
0,6/10/2020,H27
0,6/11/2020,H27
1,6/12/2020,H27
0,6/13/2020,H27
0,6/14/2020,H27
2,6/15/2020,H27
2,6/16/2020,H27
0,6/17/2020,H27
0,6/18/2020,H27
0,6/19/2020,H27
1,6/20/2020,H27
1,6/21/2020,H27
0,6/22/2020,H27
0,5/25/2020,H32
0,5/25/2020,H39
0,5/25/2020,H43
0,5/25/2020,H38
5,5/26/2020,H05
0,6/7/2020,H19
0,6/8/2020,H19
2,6/9/2020,H19
0,6/10/2020,H19
2,6/11/2020,H19
1,6/12/2020,H19
1,6/13/2020,H19
2,6/14/2020,H19
1,6/15/2020,H19
2,6/16/2020,H19
0,6/17/2020,H19
0,6/18/2020,H19
0,6/19/2020,H19
3,6/20/2020,H19
0,6/21/2020,H19
2,6/22/2020,H19
2,6/1/2020,H24
8,6/2/2020,H24
3,6/3/2020,H24
3,6/4/2020,H24
3,6/5/2020,H24
3,6/6/2020,H24
4,6/7/2020,H24
1,6/8/2020,H24
3,6/9/2020,H03
2,6/10/2020,H03
3,6/11/2020,H03
1,6/12/2020,H03
0,6/13/2020,H03
,6/5/2020,H09
1,6/6/2020,H09
,6/7/2020,H09
2,6/8/2020,H09
,6/9/2020,H09
1,6/10/2020,H09
1,6/11/2020,H09
1,6/12/2020,H09
,6/13/2020,H09
,6/14/2020,H09
,6/15/2020,H09
1,6/16/2020,H09
,6/17/2020,H09
1,6/18/2020,H09
1,6/19/2020,H09
,6/20/2020,H09
,6/21/2020,H09
,6/22/2020,H09
0,5/25/2020,H05
0,5/26/2020,H32
0,5/26/2020,H39
0,5/26/2020,H43
0,5/26/2020,H38
0,6/3/2020,H18
0,6/2/2020,H34
0,6/2/2020,H18
0,6/2/2020,H32
0,6/2/2020,H41
0,6/2/2020,H39
0,6/2/2020,H43
0,6/2/2020,H38
0,6/3/2020,H32
0,6/3/2020,H41
0,6/3/2020,H39
0,6/3/2020,H43
0,6/3/2020,H38
2,6/4/2020,H05
2,5/18/2020,H05
1,6/9/2020,H24
0,5/19/2020,H05
1,6/10/2020,H24
1,6/11/2020,H24
2,6/12/2020,H24
4,6/13/2020,H24
3,6/14/2020,H24
3,6/15/2020,H24
7,6/16/2020,H24
5,6/17/2020,H24
6,6/18/2020,H24
1,6/19/2020,H24
3,6/20/2020,H24
3,6/21/2020,H24
5,6/22/2020,H24
0,6/1/2020,H21
0,6/2/2020,H21
0,6/3/2020,H21
0,6/4/2020,H21
0,6/5/2020,H21
0,6/6/2020,H21
0,6/7/2020,H21
0,6/8/2020,H21
0,6/9/2020,H21
0,6/10/2020,H21
0,6/11/2020,H21
0,6/12/2020,H21
0,6/13/2020,H21
0,6/14/2020,H21
0,6/15/2020,H21
0,6/16/2020,H21
0,6/17/2020,H21
0,6/18/2020,H21
0,6/19/2020,H21
0,6/20/2020,H21
0,6/21/2020,H21
0,6/22/2020,H21
0,5/19/2020,H38
0,5/20/2020,H05
0,5/24/2020,H32
0,5/23/2020,H43
0,5/24/2020,H43
0,5/22/2020,H38
0,5/23/2020,H38
0,5/24/2020,H38
2,5/21/2020,H05
8,5/27/2020,H01
0,6/5/2020,H11
0,6/6/2020,H11
0,6/7/2020,H11
0,6/5/2020,H34
0,6/6/2020,H34
0,6/7/2020,H34
0,6/5/2020,H18
0,6/6/2020,H18
0,6/7/2020,H18
0,6/5/2020,H32
0,6/6/2020,H32
0,6/7/2020,H32
0,6/7/2020,H35
0,6/5/2020,H41
0,6/6/2020,H41
0,6/7/2020,H41
0,6/5/2020,H39
0,6/6/2020,H39
0,6/7/2020,H39
0,6/5/2020,H43
2,5/18/2020,H01
3,5/19/2020,H01
0,5/27/2020,H32
0,5/27/2020,H39
0,5/27/2020,H43
0,5/27/2020,H38
1,5/30/2020,H05
3,6/5/2020,H22
1,6/6/2020,H22
1,6/7/2020,H22
2,6/8/2020,H22
2,6/9/2020,H22
4,6/10/2020,H22
3,6/11/2020,H22
7,6/12/2020,H22
2,6/13/2020,H22
8,6/14/2020,H22
11,6/15/2020,H22
9,6/16/2020,H22
8,6/17/2020,H22
7,6/18/2020,H22
2,6/19/2020,H22
2,6/20/2020,H22
6,6/21/2020,H22
,6/22/2020,H22
10,6/8/2020,H01
0,6/6/2020,H43
0,6/7/2020,H43
0,6/5/2020,H38
0,6/6/2020,H38
0,6/7/2020,H38
5,5/30/2020,H01
3,6/1/2020,H31
1,6/2/2020,H31
2,6/3/2020,H31
1,6/4/2020,H31
1,6/5/2020,H31
0,6/6/2020,H31
0,6/7/2020,H31
3,6/8/2020,H31
5,6/9/2020,H31
1,6/10/2020,H31
1,6/11/2020,H31
4,6/12/2020,H31
1,6/13/2020,H31
1,6/14/2020,H31
1,6/15/2020,H31
3,6/16/2020,H31
1,6/17/2020,H31
2,6/18/2020,H31
2,6/19/2020,H31
5,6/20/2020,H31
7,6/5/2020,H01
3,6/5/2020,H14
1,6/6/2020,H14
1,6/7/2020,H14
3,6/8/2020,H14
1,6/9/2020,H14
,6/10/2020,H14
0,5/20/2020,H38
0,5/21/2020,H38
5,5/22/2020,H30
5,5/23/2020,H30
0,5/24/2020,H30
1,5/25/2020,H30
0,5/26/2020,H30
2,5/27/2020,H30
2,5/28/2020,H30
0,5/29/2020,H30
2,5/30/2020,H30
1,5/31/2020,H30
5,6/1/2020,H30
5,5/20/2020,H01
1,6/5/2020,H46
6,6/6/2020,H46
2,6/7/2020,H46
1,6/8/2020,H46
,6/9/2020,H46
3,6/10/2020,H46
6,6/11/2020,H46
3,6/12/2020,H46
4,6/13/2020,H46
3,6/14/2020,H46
,6/15/2020,H46
,6/16/2020,H46
7,6/17/2020,H46
4,6/18/2020,H46
5,6/19/2020,H46
5,6/20/2020,H46
5,6/21/2020,H46
4,6/22/2020,H46
12,5/28/2020,H05
,6/5/2020,H12
,6/6/2020,H12
,6/7/2020,H12
,6/8/2020,H12
,6/9/2020,H12
,6/10/2020,H12
,6/11/2020,H12
,6/12/2020,H12
,6/13/2020,H12
,6/14/2020,H12
,6/15/2020,H12
,6/16/2020,H12
,6/17/2020,H12
,6/18/2020,H12
,6/19/2020,H12
,6/20/2020,H12
,6/21/2020,H12
,6/22/2020,H12
1,5/24/2020,H01
2,5/24/2020,H05
0,5/28/2020,H32
0,5/28/2020,H39
0,5/28/2020,H43
0,5/28/2020,H38
2,6/1/2020,H05
2,6/3/2020,H05
4,6/6/2020,H01
0,6/10/2020,H38
4,5/31/2020,H05
0,6/11/2020,H11
0,5/16/2020,H05
0,6/11/2020,H34
0,6/11/2020,H18
0,6/11/2020,H32
0,6/11/2020,H35
0,6/11/2020,H41
0,6/11/2020,H39
0,6/11/2020,H43
0,6/11/2020,H38
19,6/13/2020,H01
0,6/13/2020,H41
0,6/14/2020,H41
0,6/12/2020,H39
0,6/13/2020,H39
0,6/14/2020,H39
0,6/12/2020,H43
0,6/13/2020,H43
0,6/14/2020,H43
0,6/12/2020,H38
0,6/13/2020,H38
0,6/14/2020,H38
0,6/12/2020,H02
0,6/13/2020,H02
0,6/14/2020,H02
2,6/14/2020,H30
1,6/15/2020,H30
2,6/16/2020,H30
1,6/17/2020,H30
1,6/18/2020,H30
2,6/19/2020,H30
3,6/20/2020,H30
1,6/21/2020,H30
,6/22/2020,H30
